Production ID,Production Date,Factory,Production Line,Shift,Machine ID,Machine Type,Operator ID,Product Category,Planned Production,Actual Production,Defective Units,Downtime (Minutes),Production Hours,Energy Consumption (kWh),Maintenance Cost ($),Unit Production Cost ($),Temperature (°C),Humidity (%),Quality Inspection Score
P00001,2025-05-21,Factory A,Line B,Morning,M107,Manual,OP1095,Air Conditioner,237,249,2,75.0,12,332,171.51,117.92,28.1,36,82.4
P00002,2025-04-23,Factory B,Line C,Morning,M111,Manual,OP1055,Washing Machine,459,421,17,19.0,9,1081,907.83,64.42,19.9,57,84.1
P00003,2025-10-02,Factory A,Line D,Morning,M136,Semi-Automatic,OP1081,Air Conditioner,202,159,5,73.0,9,1021,266.93,306.04,33.5,40,94.2
P00004,2025-05-23,Factory B,Line C,Morning,M124,Semi-Automatic,OP1027,Washing Machine,231,198,2,77.0,9,846,1849.9,94.45,25.6,75,87.5
P00005,2025-01-29,Factory A,Line A,Afternoon,M126,Semi-Automatic,OP1009,Television,292,266,18,112.0,10,517,1673.05,193.14,36.3,64,65.7
P00006,2025-10-15,Factory C,Line C,Night,M138,Semi-Automatic,OP1075,Microwave,251,235,11,28.0,9,821,1284.44,346.21,35.2,44,85.1
P00007,2025-07-17,Factory B,Line D,Night,M117,Manual,OP1002,Refrigerator,396,403,17,98.0,10,414,804.4,92.22,18.1,81,95.0
P00008,2025-04-02,Factory C,Line A,Night,M120,Manual,OP1065,Air Conditioner,314,265,6,19.0,10,1080,487.72,430.24,36.4,35,84.0
P00009,2025-02-27,Factory B,Line C,Morning,M104,Automatic,OP1073,Refrigerator,430,443,5,93.0,12,1135,266.11,348.26,33.3,43,86.4
P00010,2025-05-16,Factory C,Line D,Morning,M135,Manual,OP1089,Television,461,455,19,51.0,10,748,2259.07,216.88,23.0,39,73.5
P00011,2025-04-28,Factory C,Line B,Morning,M105,Manual,OP1081,Refrigerator,481,426,14,8.0,8,1180,893.03,243.52,23.6,66,68.6
P00012,2025-10-23,Factory B,Line B,Afternoon,M127,Automatic,OP1013,Refrigerator,247,189,13,45.0,12,720,1220.86,334.86,31.5,76,63.9
P00013,2025-02-25,Factory A,Line B,Morning,M135,Semi-Automatic,OP1018,Microwave,386,358,5,35.0,12,555,2198.77,57.04,34.2,70,63.9
P00014,2025-02-17,Factory A,Line B,Afternoon,M132,Semi-Automatic,OP1028,Microwave,456,470,3,21.0,12,302,2464.74,137.71,33.7,64,71.4
P00015,2025-03-21,Factory A,Line C,Morning,M104,Manual,OP1095,Air Conditioner,464,417,3,95.0,10,358,220.34,227.64,36.4,68,66.3
P00016,2025-04-06,Factory A,Line A,Night,M116,Semi-Automatic,OP1016,Air Conditioner,440,445,15,74.0,8,934,296.76,304.38,29.3,55,97.4
P00017,2025-05-03,Factory B,Line D,Morning,M120,Semi-Automatic,OP1041,Refrigerator,284,259,0,58.0,8,375,1390.32,240.0,20.6,57,95.2
P00018,2025-05-26,Factory A,Line D,Night,M120,Manual,OP1084,Air Conditioner,305,273,0,85.0,10,979,348.61,398.2,23.3,41,89.7
P00019,2025-05-25,Factory C,Line B,Night,M122,Automatic,OP1088,Washing Machine,259,240,16,62.0,10,1166,221.92,294.57,34.6,37,60.1
P00020,2025-03-24,Factory C,Line D,Night,M128,Manual,OP1002,Refrigerator,246,228,2,120.0,9,858,186.47,181.92,29.1,62,65.1
P00021,2025-01-21,Factory B,Line B,Night,M116,Manual,OP1014,Washing Machine,337,306,24,71.0,12,935,1898.75,418.45,22.7,45,99.0
P00022,2025-01-13,Factory A,Line C,Afternoon,M116,Semi-Automatic,OP1021,Refrigerator,270,233,12,111.0,8,1179,1229.66,109.82,36.4,57,72.2
P00023,2025-01-13,Factory C,Line B,Afternoon,M122,Semi-Automatic,OP1009,Washing Machine,296,283,11,82.0,12,995,2454.76,252.89,36.8,42,95.1
P00024,2025-10-25,Factory B,Line A,Morning,M139,Semi-Automatic,OP1045,Washing Machine,313,306,13,77.0,8,694,2258.81,105.78,18.9,62,60.1
P00025,2025-07-06,Factory B,Line A,Night,M122,Manual,OP1041,Refrigerator,455,445,19,,10,982,1080.14,196.02,23.9,43,
P00026,2025-11-12,Factory C,Line C,Afternoon,M136,Automatic,OP1039,Washing Machine,374,367,6,55.0,10,776,1160.29,312.14,28.2,85,96.0
P00027,2025-05-26,Factory C,Line C,Morning,M116,Manual,OP1040,Television,266,271,6,18.0,8,347,687.62,226.93,35.0,39,78.2
P00028,2025-12-23,Factory B,Line D,Afternoon,M116,Automatic,OP1084,Refrigerator,474,465,6,99.0,12,524,522.13,432.14,28.4,38,82.3
P00029,2025-03-10,Factory B,Line C,Afternoon,M140,Manual,OP1065,Microwave,242,199,14,114.0,9,1061,2167.59,216.28,33.0,75,71.1
P00030,2025-11-17,Factory A,Line C,Afternoon,M105,Manual,OP1037,Television,446,399,17,42.0,10,853,293.39,89.1,25.7,44,88.3
P00031,2025-07-28,Factory B,Line D,Afternoon,M104,Automatic,OP1054,Microwave,212,174,12,74.0,8,1177,2213.58,269.67,27.5,57,71.9
P00032,2025-10-03,Factory C,Line B,Afternoon,M115,Semi-Automatic,OP1056,Microwave,379,341,0,49.0,10,984,1729.94,196.83,21.3,64,96.8
P00033,2025-01-14,Factory B,Line A,Morning,M128,Automatic,OP1060,Television,498,445,3,33.0,12,635,607.98,163.91,33.2,59,71.1
P00034,2025-02-11,Factory B,Line A,Night,M135,Automatic,OP1045,Television,395,378,20,8.0,8,1072,174.47,130.1,34.8,74,66.1
P00035,2025-12-09,Factory A,Line B,Afternoon,M117,Semi-Automatic,OP1022,Air Conditioner,244,199,3,99.0,9,618,359.44,35.91,24.2,78,96.3
P00036,2025-04-12,Factory A,Line B,Morning,M120,Manual,OP1077,Refrigerator,372,337,25,72.0,8,655,1378.59,306.15,19.4,76,73.6
P00037,2025-02-24,Factory B,Line C,Night,M130,Manual,OP1020,Microwave,395,348,5,93.0,10,930,2039.68,253.72,27.7,62,93.0
P00038,2025-06-15,Factory A,Line A,Afternoon,M129,Automatic,OP1097,Microwave,483,464,36,78.0,12,644,168.88,386.65,21.6,48,74.2
P00039,2025-05-24,Factory C,Line C,Night,M101,Manual,OP1025,Refrigerator,312,284,7,92.0,12,800,1432.42,127.14,27.5,80,79.6
P00040,2025-05-31,Factory A,Line D,Night,M116,Semi-Automatic,OP1085,Air Conditioner,188,192,11,60.0,10,735,2491.92,258.92,25.0,64,70.8
P00041,2025-03-03,Factory C,Line B,Afternoon,M108,Manual,OP1069,Television,308,294,6,27.0,12,583,1839.0,440.06,28.5,53,99.2
P00042,2025-04-27,Factory B,Line B,Afternoon,M101,Manual,OP1069,Television,279,257,8,5.0,8,866,801.13,426.24,30.8,83,79.6
P00043,2025-05-26,Factory B,Line D,Afternoon,M122,Automatic,OP1007,Washing Machine,186,128,7,14.0,8,710,1280.19,270.23,31.7,44,66.0
P00044,2025-02-13,Factory A,Line A,Night,M127,Manual,OP1077,Air Conditioner,468,445,14,99.0,12,761,2280.41,151.38,29.8,62,72.2
P00045,2025-11-09,Factory C,Line A,Morning,M114,Semi-Automatic,OP1085,Refrigerator,497,505,10,30.0,9,865,280.16,26.14,27.0,73,78.8
P00046,2025-05-28,Factory C,Line C,Night,M130,Automatic,OP1088,Television,196,182,14,33.0,9,735,375.46,120.54,21.0,52,93.1
P00047,2025-03-26,Factory B,Line C,Afternoon,M108,Semi-Automatic,OP1089,Washing Machine,216,224,12,120.0,10,812,1395.96,211.05,30.0,62,89.4
P00048,2025-01-14,Factory A,Line B,Night,M137,Manual,OP1003,Washing Machine,489,472,36,5.0,9,781,1345.51,212.95,23.6,72,77.4
P00049,2025-08-29,Factory B,Line D,Afternoon,M121,Manual,OP1014,Television,431,435,21,52.0,12,595,1690.2,195.19,33.2,37,78.2
P00050,2025-06-15,Factory A,Line D,Night,M101,Manual,OP1070,Microwave,341,324,13,6.0,9,830,968.27,346.49,30.5,83,62.1
P00051,2025-03-09,Factory B,Line D,Night,M132,Automatic,OP1004,Air Conditioner,316,261,7,90.0,9,618,1422.01,259.71,19.9,42,78.5
P00052,2025-09-13,Factory C,Line C,Night,M118,Semi-Automatic,OP1062,Microwave,240,236,7,58.0,9,692,557.46,279.74,32.9,43,94.6
P00053,2025-06-24,Factory C,Line C,Morning,M119,Manual,OP1039,Air Conditioner,321,283,18,84.0,12,1186,456.63,253.9,24.9,70,90.5
P00054,2025-06-14,Factory A,Line B,Night,M125,Automatic,OP1100,Microwave,373,330,1,40.0,12,1022,2292.23,187.02,37.8,85,92.8
P00055,2025-01-19,Factory A,Line C,Morning,M129,Automatic,OP1068,Microwave,257,209,0,92.0,9,719,2190.24,437.23,19.5,85,98.8
P00056,2025-11-29,Factory A,Line C,Night,M135,Semi-Automatic,OP1041,Microwave,353,318,17,4.0,8,540,1614.79,416.39,37.9,82,63.6
P00057,2025-08-16,Factory A,Line C,Morning,M103,Semi-Automatic,OP1008,Washing Machine,230,233,11,47.0,12,449,686.07,200.12,31.6,46,66.8
P00058,2025-11-14,Factory C,Line B,Afternoon,M138,Automatic,OP1030,Microwave,220,187,10,32.0,12,561,1700.42,407.04,27.3,53,87.1
P00059,2025-08-15,Factory B,Line C,Night,M128,Manual,OP1033,Microwave,260,266,9,25.0,12,1173,1259.7,125.81,29.4,71,71.8
P00060,2025-12-04,Factory B,Line C,Morning,M137,Manual,OP1100,Refrigerator,331,344,19,95.0,12,1152,2269.97,146.63,34.0,73,92.1
P00061,2025-11-14,Factory B,Line B,Night,M107,Manual,OP1083,Refrigerator,292,283,9,100.0,12,334,1490.98,336.25,19.8,53,73.1
P00062,2025-04-13,Factory A,Line C,Night,M133,Semi-Automatic,OP1022,Washing Machine,392,385,29,105.0,12,1125,808.34,394.92,34.1,64,98.5
P00063,2025-12-13,Factory C,Line D,Night,M124,Automatic,OP1051,Refrigerator,252,239,8,68.0,8,765,984.61,343.33,23.2,59,92.9
P00064,2025-12-12,Factory A,Line D,Morning,M140,Manual,OP1042,Air Conditioner,370,372,7,82.0,8,950,2077.25,411.49,24.0,61,64.7
P00065,2025-06-05,Factory B,Line A,Morning,M116,Manual,OP1018,Microwave,203,214,14,47.0,12,901,1881.45,90.67,26.3,41,93.3
P00066,2025-05-24,Factory A,Line C,Morning,M129,Semi-Automatic,OP1031,Washing Machine,495,458,6,87.0,10,857,2264.07,299.05,19.2,52,67.6
P00067,2025-02-16,Factory C,Line B,Night,M139,Automatic,OP1007,Washing Machine,242,199,7,16.0,9,370,2091.56,260.54,29.7,49,73.1
P00068,2025-05-22,Factory A,Line B,Night,M117,Automatic,OP1015,Refrigerator,255,270,4,1.0,10,1108,1992.24,275.26,18.3,51,62.1
P00069,2025-02-28,Factory C,Line A,Afternoon,M129,Semi-Automatic,OP1066,Air Conditioner,395,343,3,57.0,9,929,204.08,357.87,35.3,68,72.1
P00070,2025-09-03,Factory B,Line D,Night,M107,Semi-Automatic,OP1092,Microwave,195,203,2,115.0,8,629,1559.91,52.91,23.5,75,83.4
P00071,2025-11-02,Factory C,Line C,Afternoon,M133,Manual,OP1056,Refrigerator,346,313,25,89.0,8,1173,1671.31,398.03,29.0,48,77.2
P00072,2025-06-23,Factory B,Line D,Afternoon,M107,Semi-Automatic,OP1055,Washing Machine,296,259,8,47.0,9,1003,2315.16,53.53,34.6,40,77.3
P00073,2025-10-12,Factory A,Line C,Night,M108,Semi-Automatic,OP1046,Microwave,370,369,27,117.0,8,594,1540.98,174.45,29.6,48,66.2
P00074,2025-02-25,Factory B,Line C,Morning,M118,Manual,OP1029,Microwave,426,413,1,77.0,10,329,533.0,323.65,24.2,56,74.0
P00075,2025-10-17,Factory C,Line D,Morning,M110,Manual,OP1082,Refrigerator,272,269,2,95.0,9,685,1107.6,169.88,25.4,81,73.0
P00076,2025-01-27,Factory A,Line B,Night,M104,Manual,OP1011,Washing Machine,470,475,28,84.0,12,797,1556.98,201.03,22.3,67,64.6
P00077,2025-05-26,Factory C,Line D,Night,M120,Automatic,OP1029,Microwave,400,401,3,0.0,9,608,2368.78,351.12,33.3,53,73.1
P00078,2025-08-09,Factory A,Line B,Afternoon,M135,Manual,OP1030,Air Conditioner,183,135,8,106.0,10,373,1052.97,340.37,26.7,64,96.8
P00079,2025-08-08,Factory C,Line D,Night,M127,Semi-Automatic,OP1015,Microwave,340,282,0,41.0,9,1120,2374.27,220.54,31.8,58,63.5
P00080,2025-08-12,Factory C,Line D,Night,M106,Semi-Automatic,OP1040,Washing Machine,234,218,7,42.0,9,378,1325.16,73.46,28.2,84,74.0
P00081,2025-02-22,Factory A,Line C,Morning,M112,Manual,OP1020,Refrigerator,255,240,5,98.0,12,775,1910.67,347.95,27.0,71,85.7
P00082,2025-11-18,Factory B,Line B,Afternoon,M105,Semi-Automatic,OP1057,Washing Machine,499,473,17,75.0,8,660,1317.61,156.92,27.0,38,74.7
P00083,2025-11-27,Factory A,Line D,Afternoon,M138,Manual,OP1095,Refrigerator,326,332,14,116.0,9,629,1552.01,238.08,37.2,63,64.1
P00084,2025-09-16,Factory C,Line B,Morning,M116,Manual,OP1057,Microwave,355,360,16,66.0,9,672,994.84,145.23,26.2,56,87.2
P00085,2025-02-03,Factory B,Line A,Night,M125,Semi-Automatic,OP1033,Air Conditioner,206,179,13,19.0,10,383,1498.57,85.11,25.0,76,87.9
P00086,2025-11-01,Factory C,Line A,Afternoon,M136,Semi-Automatic,OP1083,Washing Machine,380,379,26,16.0,8,961,1709.09,241.11,18.4,54,67.2
P00087,2025-09-06,Factory A,Line B,Morning,M110,Automatic,OP1038,Refrigerator,289,261,16,98.0,8,977,908.23,350.68,20.6,59,66.2
P00088,2025-08-13,Factory A,Line D,Afternoon,M116,Semi-Automatic,OP1079,Washing Machine,272,266,14,29.0,9,616,2417.43,358.36,36.1,47,74.7
P00089,2025-08-25,Factory B,Line D,Night,M134,Semi-Automatic,OP1021,Television,472,431,8,111.0,10,353,1638.83,396.5,29.1,41,88.5
P00090,2025-05-26,Factory A,Line B,Afternoon,M129,Manual,OP1019,Microwave,444,444,5,116.0,9,1136,1182.71,173.57,18.5,38,75.9
P00091,2025-07-17,Factory A,Line C,Morning,M102,Semi-Automatic,OP1013,Washing Machine,371,356,25,18.0,9,339,788.51,377.65,31.9,43,90.4
P00092,2025-11-12,Factory A,Line A,Morning,M117,Automatic,OP1020,Air Conditioner,420,378,30,93.0,12,413,1962.81,126.0,20.4,50,76.8
P00093,2025-02-02,Factory A,Line D,Night,M135,Automatic,OP1081,Air Conditioner,498,455,36,30.0,9,598,1130.17,286.29,22.8,61,67.5
P00094,2025-07-04,Factory A,Line A,Afternoon,M131,Automatic,OP1082,Microwave,223,171,5,32.0,8,665,1992.45,171.54,32.7,75,64.1
P00095,2025-03-10,Factory A,Line C,Night,M122,Manual,OP1023,Microwave,477,450,30,,9,1130,423.65,329.32,36.9,37,
P00096,2025-01-22,Factory B,Line C,Night,M126,Manual,OP1061,Washing Machine,202,192,1,96.0,9,592,956.74,356.86,35.3,56,70.9
P00097,2025-07-24,Factory C,Line D,Afternoon,M122,Automatic,OP1064,Microwave,368,328,11,118.0,10,1120,298.27,205.41,26.6,46,81.8
P00098,2025-02-10,Factory B,Line C,Afternoon,M129,Manual,OP1092,Microwave,344,346,5,88.0,12,659,1173.11,333.9,36.2,74,99.9
P00099,2025-02-08,Factory C,Line D,Afternoon,M133,Manual,OP1087,Television,320,328,0,18.0,12,335,402.95,125.3,30.9,58,75.3
P00100,2025-11-06,Factory A,Line D,Afternoon,M124,Semi-Automatic,OP1098,Refrigerator,470,481,36,17.0,10,707,854.53,143.44,37.2,36,89.4
P00101,2025-07-18,Factory C,Line A,Afternoon,M117,Manual,OP1058,Television,435,384,19,36.0,12,504,394.33,387.45,27.0,80,77.8
P00102,2025-12-08,Factory B,Line A,Night,M135,Semi-Automatic,OP1039,Television,224,199,5,101.0,10,820,638.18,443.68,33.8,50,91.6
P00103,2025-10-11,Factory C,Line C,Afternoon,M136,Automatic,OP1079,Refrigerator,193,162,1,39.0,12,1034,1825.29,248.42,33.4,71,63.0
P00104,2025-08-19,Factory B,Line C,Morning,M136,Manual,OP1076,Television,342,348,24,16.0,12,814,2285.71,48.55,20.5,44,72.2
P00105,2025-12-30,Factory A,Line C,Night,M119,Automatic,OP1033,Television,262,236,17,35.0,9,940,826.78,251.73,28.1,45,83.7
P00106,2025-03-29,Factory C,Line C,Night,M103,Automatic,OP1011,Refrigerator,477,473,36,33.0,9,1085,1473.13,287.7,18.6,75,81.8
P00107,2025-05-06,Factory C,Line D,Afternoon,M130,Automatic,OP1089,Refrigerator,334,288,5,56.0,12,795,1214.66,169.58,20.9,80,72.8
P00108,2025-03-08,Factory B,Line A,Afternoon,M116,Semi-Automatic,OP1016,Washing Machine,356,320,14,31.0,9,399,221.45,426.79,35.3,61,69.9
P00109,2025-10-23,Factory C,Line C,Morning,M111,Semi-Automatic,OP1066,Microwave,261,235,15,112.0,10,809,155.62,426.72,28.1,50,68.6
P00110,2025-01-26,Factory B,Line D,Night,M131,Semi-Automatic,OP1069,Refrigerator,360,369,27,13.0,12,437,2217.89,334.19,33.3,58,61.8
P00111,2025-10-15,Factory A,Line C,Night,M119,Automatic,OP1050,Air Conditioner,206,149,7,97.0,10,1145,2473.82,314.17,20.4,41,75.8
P00112,2025-07-07,Factory A,Line B,Night,M133,Semi-Automatic,OP1065,Refrigerator,353,297,1,4.0,9,1030,899.3,226.34,27.1,73,95.7
P00113,2025-11-10,Factory B,Line B,Afternoon,M140,Manual,OP1039,Air Conditioner,251,225,10,64.0,12,1025,1451.02,226.83,18.3,56,87.0
P00114,2025-06-07,Factory C,Line A,Night,M131,Semi-Automatic,OP1084,Air Conditioner,393,334,18,29.0,8,897,1253.08,247.8,32.4,84,93.6
P00115,2025-01-17,Factory C,Line A,Morning,M102,Semi-Automatic,OP1041,Microwave,255,239,4,52.0,9,720,1304.37,284.88,27.4,82,89.1
P00116,2025-04-17,Factory C,Line C,Night,M131,Manual,OP1049,Washing Machine,250,199,5,58.0,10,859,950.29,353.1,32.4,76,92.1
P00117,2025-04-09,Factory A,Line C,Night,M120,Automatic,OP1039,Washing Machine,315,269,6,88.0,12,624,1251.53,263.21,36.7,81,70.9
P00118,2025-12-13,Factory C,Line D,Afternoon,M123,Automatic,OP1038,Refrigerator,242,184,4,91.0,8,654,2317.62,303.79,32.9,48,68.1
P00119,2025-10-15,Factory C,Line C,Morning,M107,Manual,OP1095,Air Conditioner,455,436,15,31.0,8,985,2272.44,120.91,22.7,41,76.5
P00120,2025-12-15,Factory A,Line A,Night,M111,Semi-Automatic,OP1084,Microwave,421,424,30,83.0,9,1074,2413.39,161.5,30.9,84,63.6
P00121,2025-10-01,Factory C,Line A,Morning,M127,Automatic,OP1005,Microwave,473,459,31,23.0,10,1197,189.92,151.82,30.1,56,71.4
P00122,2025-09-10,Factory A,Line D,Afternoon,M113,Automatic,OP1043,Television,458,406,29,82.0,10,1035,546.88,338.06,33.8,71,87.0
P00123,2025-11-09,Factory C,Line D,Afternoon,M133,Semi-Automatic,OP1012,Microwave,278,271,21,12.0,9,443,1245.89,422.73,18.1,59,69.4
P00124,2025-06-04,Factory C,Line A,Afternoon,M124,Manual,OP1031,Refrigerator,316,289,21,15.0,12,614,483.32,316.58,36.5,80,90.8
P00125,2025-07-08,Factory C,Line B,Morning,M109,Semi-Automatic,OP1020,Microwave,240,218,11,53.0,12,1075,1390.04,307.24,22.4,50,87.2
P00126,2025-09-27,Factory B,Line C,Morning,M137,Automatic,OP1008,Air Conditioner,485,490,32,25.0,9,468,887.48,246.15,20.3,48,88.7
P00127,2025-09-19,Factory B,Line A,Afternoon,M109,Manual,OP1054,Microwave,430,434,3,71.0,12,988,2036.6,332.39,25.9,35,89.8
P00128,2025-01-24,Factory B,Line C,Night,M105,Manual,OP1008,Refrigerator,476,482,30,4.0,10,718,531.96,82.56,30.8,81,85.8
P00129,2025-07-15,Factory B,Line D,Afternoon,M106,Manual,OP1085,Air Conditioner,395,363,4,83.0,10,421,528.34,253.33,28.6,81,99.1
P00130,2025-06-02,Factory B,Line D,Night,M125,Automatic,OP1032,Microwave,181,194,11,19.0,10,493,2349.78,333.14,20.3,77,76.8
P00131,2025-04-16,Factory A,Line A,Night,M103,Semi-Automatic,OP1077,Refrigerator,188,173,3,94.0,8,711,1153.51,254.4,33.1,84,62.3
P00132,2025-04-30,Factory C,Line C,Night,M139,Manual,OP1042,Television,437,415,19,112.0,9,976,1351.0,200.76,23.5,70,97.9
P00133,2025-10-12,Factory B,Line A,Afternoon,M125,Manual,OP1041,Microwave,269,230,13,19.0,10,685,541.31,253.62,22.8,49,72.0
P00134,2025-01-30,Factory C,Line D,Afternoon,M136,Manual,OP1018,Microwave,253,209,7,32.0,9,638,1652.09,416.95,34.9,40,81.4
P00135,2025-05-18,Factory B,Line A,Morning,M113,Manual,OP1093,Air Conditioner,277,286,6,61.0,9,1190,2276.88,153.85,36.2,48,97.5
P00136,2025-05-05,Factory C,Line B,Afternoon,M116,Manual,OP1042,Washing Machine,240,194,12,59.0,10,615,727.75,242.95,27.9,41,92.1
P00137,2025-04-15,Factory B,Line C,Afternoon,M103,Manual,OP1029,Television,420,395,1,33.0,12,602,465.79,165.19,25.6,50,80.0
P00138,2025-09-08,Factory C,Line D,Afternoon,M111,Manual,OP1046,Television,352,335,4,92.0,12,488,2300.56,255.41,30.8,38,81.0
P00139,2025-01-04,Factory B,Line B,Night,M115,Automatic,OP1091,Television,218,227,0,27.0,12,682,245.08,296.03,36.7,65,86.4
P00140,2025-09-30,Factory C,Line D,Morning,M102,Manual,OP1093,Washing Machine,188,203,9,2.0,12,1125,2355.31,101.19,36.4,68,66.0
P00141,2025-05-10,Factory B,Line C,Afternoon,M106,Semi-Automatic,OP1052,Microwave,278,226,18,31.0,9,607,1741.7,385.34,31.1,76,90.4
P00142,2025-07-14,Factory B,Line D,Morning,M101,Manual,OP1022,Refrigerator,227,191,15,108.0,12,960,1982.5,265.49,35.2,41,95.8
P00143,2025-04-19,Factory C,Line D,Afternoon,M103,Automatic,OP1088,Washing Machine,201,187,14,69.0,8,483,2329.04,158.66,37.2,72,65.8
P00144,2025-06-03,Factory A,Line B,Night,M125,Manual,OP1070,Washing Machine,383,389,24,96.0,9,1109,2472.35,332.77,28.0,57,62.1
P00145,2025-02-08,Factory B,Line D,Afternoon,M102,Manual,OP1035,Microwave,403,389,31,29.0,10,866,2358.74,208.54,31.6,77,75.2
P00146,2025-05-07,Factory C,Line A,Morning,M118,Automatic,OP1049,Television,496,474,24,40.0,10,409,319.65,425.76,26.9,83,70.8
P00147,2025-04-06,Factory B,Line D,Night,M136,Manual,OP1053,Refrigerator,247,251,0,11.0,10,867,323.35,279.17,24.5,59,60.5
P00148,2025-02-13,Factory C,Line B,Night,M134,Automatic,OP1088,Microwave,391,357,5,17.0,10,608,744.18,87.02,21.3,52,76.8
P00149,2025-07-04,Factory B,Line B,Night,M132,Manual,OP1079,Television,427,433,29,13.0,9,611,116.24,193.17,34.8,59,92.2
P00150,2025-06-21,Factory B,Line B,Afternoon,M121,Manual,OP1089,Television,348,307,15,40.0,9,707,2424.94,148.87,31.9,66,98.7
P00151,2025-07-12,Factory B,Line D,Afternoon,M108,Manual,OP1026,Air Conditioner,304,278,17,23.0,8,1044,1207.89,326.06,26.8,53,93.3
P00152,2025-12-11,Factory B,Line B,Night,M120,Automatic,OP1033,Television,215,178,11,54.0,12,375,1177.76,279.12,29.6,69,80.3
P00153,2025-01-19,Factory B,Line A,Morning,M116,Manual,OP1086,Washing Machine,394,340,5,82.0,8,876,2460.66,312.93,26.0,83,73.3
P00154,2025-01-06,Factory A,Line C,Morning,M133,Manual,OP1067,Air Conditioner,400,402,14,57.0,10,700,1211.35,313.81,31.8,44,73.8
P00155,2025-02-23,Factory B,Line D,Morning,M108,Manual,OP1019,Washing Machine,192,146,4,43.0,12,1103,596.48,230.24,27.5,63,88.9
P00156,2025-02-04,Factory B,Line A,Night,M108,Automatic,OP1044,Refrigerator,411,386,21,102.0,9,1058,685.39,99.14,21.2,70,77.1
P00157,2025-07-27,Factory C,Line B,Morning,M128,Semi-Automatic,OP1004,Air Conditioner,416,402,12,57.0,12,698,110.68,116.29,23.6,80,92.3
P00158,2025-02-22,Factory C,Line B,Afternoon,M121,Automatic,OP1059,Refrigerator,212,154,4,85.0,12,840,2418.2,158.2,25.8,60,83.5
P00159,2025-08-23,Factory C,Line B,Night,M120,Manual,OP1076,Refrigerator,358,328,21,17.0,10,420,672.57,74.7,25.5,44,80.4
P00160,2025-10-22,Factory B,Line D,Morning,M132,Manual,OP1069,Television,394,392,10,62.0,10,443,549.04,382.84,30.4,57,98.1
P00161,2025-04-10,Factory B,Line D,Afternoon,M132,Semi-Automatic,OP1091,Microwave,428,426,31,21.0,8,878,174.07,348.45,23.8,52,69.0
P00162,2025-08-23,Factory C,Line D,Night,M133,Automatic,OP1074,Refrigerator,327,321,8,99.0,10,855,2074.27,42.68,32.4,69,68.7
P00163,2025-12-01,Factory A,Line C,Morning,M129,Semi-Automatic,OP1045,Refrigerator,397,399,28,110.0,8,1094,2048.53,114.2,32.8,79,74.0
P00164,2025-03-26,Factory C,Line B,Morning,M114,Automatic,OP1073,Washing Machine,492,453,34,35.0,9,631,2449.6,149.37,29.5,67,99.4
P00165,2025-07-30,Factory A,Line C,Night,M109,Manual,OP1017,Television,228,226,4,91.0,10,1148,694.13,383.51,25.9,44,83.1
P00166,2025-07-12,Factory B,Line A,Night,M106,Semi-Automatic,OP1066,Washing Machine,317,279,22,119.0,10,765,2380.61,164.1,18.0,84,93.9
P00167,2025-11-22,Factory C,Line C,Morning,M135,Semi-Automatic,OP1028,Microwave,227,184,13,27.0,12,574,874.88,145.53,28.9,43,82.6
P00168,2025-12-16,Factory A,Line A,Morning,M130,Automatic,OP1016,Television,428,400,28,58.0,8,738,585.56,317.65,20.6,76,72.1
P00169,2025-12-02,Factory B,Line C,Morning,M124,Manual,OP1084,Television,320,324,1,50.0,10,1043,1778.66,124.51,31.1,80,63.8
P00170,2025-02-09,Factory A,Line B,Night,M129,Automatic,OP1002,Washing Machine,289,243,3,110.0,12,1010,417.22,55.1,25.7,81,92.2
P00171,2025-07-08,Factory B,Line B,Afternoon,M109,Manual,OP1087,Television,232,207,2,,8,924,1660.05,212.04,32.4,75,
P00172,2025-04-22,Factory A,Line A,Morning,M108,Manual,OP1094,Microwave,390,349,11,54.0,10,1110,435.59,142.71,19.7,70,84.0
P00173,2025-12-20,Factory A,Line C,Morning,M134,Manual,OP1066,Television,491,470,25,37.0,8,1102,2254.99,430.74,27.9,42,69.6
P00174,2025-09-28,Factory A,Line C,Afternoon,M109,Semi-Automatic,OP1073,Microwave,484,490,23,69.0,9,1081,1230.44,444.63,19.5,72,62.7
P00175,2025-01-21,Factory A,Line D,Night,M119,Manual,OP1092,Air Conditioner,314,302,24,53.0,12,1018,1065.47,297.23,28.8,44,71.1
P00176,2025-09-19,Factory A,Line B,Night,M121,Semi-Automatic,OP1076,Refrigerator,338,343,9,89.0,12,1047,2388.23,126.42,22.9,62,64.6
P00177,2025-06-08,Factory C,Line B,Morning,M101,Manual,OP1018,Refrigerator,493,501,10,63.0,10,835,1341.33,374.57,23.2,58,65.1
P00178,2025-01-16,Factory B,Line D,Afternoon,M134,Automatic,OP1034,Air Conditioner,317,317,20,9.0,12,766,1325.88,48.56,35.2,45,74.7
P00179,2025-10-21,Factory C,Line A,Morning,M133,Automatic,OP1006,Refrigerator,310,312,7,5.0,12,672,1019.15,88.79,36.6,37,82.1
P00180,2025-06-14,Factory A,Line D,Night,M121,Semi-Automatic,OP1010,Air Conditioner,394,381,11,15.0,8,483,635.64,244.2,18.9,60,62.8
P00181,2025-06-09,Factory B,Line A,Night,M130,Automatic,OP1048,Television,418,397,18,72.0,10,1057,1594.52,222.17,29.8,66,99.9
P00182,2025-05-06,Factory A,Line A,Afternoon,M102,Automatic,OP1070,Washing Machine,280,226,0,42.0,8,1077,1677.53,385.83,32.5,41,68.2
P00183,2025-09-09,Factory A,Line B,Night,M118,Automatic,OP1006,Television,301,263,16,52.0,10,769,2438.93,61.08,19.9,43,85.5
P00184,2025-10-31,Factory C,Line A,Afternoon,M109,Automatic,OP1038,Washing Machine,381,387,27,40.0,12,1017,2096.56,163.66,27.1,49,63.0
P00185,2025-10-27,Factory A,Line B,Morning,M111,Semi-Automatic,OP1060,Washing Machine,283,281,13,15.0,10,1088,598.33,156.03,23.3,42,63.6
P00186,2025-04-21,Factory B,Line B,Morning,M116,Semi-Automatic,OP1051,Air Conditioner,335,345,1,86.0,10,566,2068.22,98.89,37.0,63,82.2
P00187,2025-02-18,Factory B,Line A,Morning,M108,Automatic,OP1008,Television,461,445,8,25.0,12,681,1747.08,423.47,19.7,72,70.4
P00188,2025-02-03,Factory A,Line D,Morning,M106,Semi-Automatic,OP1016,Refrigerator,218,231,14,6.0,9,887,1139.58,332.88,27.9,59,87.3
P00189,2025-04-20,Factory A,Line C,Afternoon,M129,Automatic,OP1005,Air Conditioner,268,238,19,78.0,9,962,808.25,200.1,29.0,38,63.5
P00190,2025-08-03,Factory A,Line B,Night,M135,Automatic,OP1049,Washing Machine,376,374,15,69.0,12,652,2290.42,238.52,25.8,46,61.0
P00191,2025-01-16,Factory B,Line A,Afternoon,M134,Semi-Automatic,OP1099,Air Conditioner,485,472,14,20.0,8,553,1676.47,138.27,34.3,82,62.2
P00192,2025-07-18,Factory B,Line B,Morning,M116,Manual,OP1041,Washing Machine,292,234,18,3.0,10,881,1452.66,264.32,21.8,66,81.7
P00193,2025-01-20,Factory A,Line A,Morning,M139,Automatic,OP1003,Air Conditioner,269,222,15,0.0,10,928,583.51,80.46,32.3,55,62.4
P00194,2025-12-27,Factory A,Line A,Night,M124,Automatic,OP1048,Microwave,255,195,3,43.0,10,630,427.48,91.94,37.0,85,85.6
P00195,2025-03-31,Factory C,Line C,Morning,M138,Automatic,OP1049,Washing Machine,429,404,18,16.0,9,1046,104.31,323.35,29.5,84,98.6
P00196,2025-11-05,Factory B,Line B,Night,M137,Automatic,OP1064,Television,196,188,10,95.0,8,543,932.34,160.8,30.7,40,92.9
P00197,2025-01-06,Factory B,Line B,Morning,M105,Semi-Automatic,OP1033,Refrigerator,351,309,23,0.0,8,695,1151.73,203.35,21.3,61,79.7
P00198,2025-10-07,Factory B,Line A,Afternoon,M137,Manual,OP1098,Television,373,344,5,57.0,8,1118,2129.83,150.34,24.4,41,63.0
P00199,2025-03-24,Factory C,Line A,Night,M106,Semi-Automatic,OP1077,Air Conditioner,267,234,15,90.0,8,741,2361.86,95.12,35.8,45,62.1
P00200,2025-04-08,Factory B,Line C,Night,M119,Semi-Automatic,OP1031,Refrigerator,349,338,1,50.0,12,457,230.81,26.62,19.8,77,85.0
P00201,2025-02-19,Factory A,Line B,Morning,M119,Automatic,OP1061,Refrigerator,425,415,19,100.0,12,782,1273.83,305.94,19.8,69,75.5
P00202,2025-07-09,Factory A,Line D,Morning,M117,Semi-Automatic,OP1060,Washing Machine,369,336,7,107.0,10,877,247.93,344.7,31.3,40,86.7
P00203,2025-10-29,Factory A,Line A,Afternoon,M134,Semi-Automatic,OP1069,Microwave,457,420,15,60.0,10,380,1047.53,387.92,18.7,71,96.0
P00204,2025-03-03,Factory B,Line B,Morning,M114,Automatic,OP1017,Refrigerator,472,469,27,10.0,12,506,2493.45,291.57,34.7,51,72.8
P00205,2025-07-18,Factory C,Line D,Night,M121,Semi-Automatic,OP1067,Microwave,214,218,0,100.0,12,415,1094.66,87.98,29.8,83,98.6
P00206,2025-10-16,Factory A,Line C,Night,M123,Semi-Automatic,OP1034,Microwave,231,233,15,73.0,12,338,513.28,196.26,30.4,78,87.7
P00207,2025-06-19,Factory C,Line B,Morning,M131,Semi-Automatic,OP1048,Refrigerator,199,164,5,104.0,10,618,772.83,233.94,31.9,41,98.9
P00208,2025-06-03,Factory C,Line D,Afternoon,M118,Manual,OP1054,Air Conditioner,296,294,20,11.0,9,752,607.34,375.19,32.8,83,80.7
P00209,2025-09-21,Factory A,Line A,Afternoon,M133,Semi-Automatic,OP1018,Air Conditioner,371,379,28,72.0,8,477,562.63,379.0,34.7,50,61.3
P00210,2025-12-27,Factory A,Line C,Afternoon,M130,Manual,OP1051,Refrigerator,205,174,10,3.0,9,681,1273.09,214.59,37.2,65,83.5
P00211,2025-03-25,Factory B,Line A,Afternoon,M102,Semi-Automatic,OP1007,Television,359,330,18,99.0,9,1177,631.24,120.67,22.1,76,76.4
P00212,2025-08-31,Factory A,Line B,Night,M101,Automatic,OP1033,Air Conditioner,190,204,9,91.0,10,733,2249.16,386.92,27.2,48,78.7
P00213,2025-10-27,Factory A,Line A,Night,M124,Manual,OP1083,Air Conditioner,446,411,18,38.0,8,793,253.21,445.05,30.8,52,70.4
P00214,2025-03-18,Factory C,Line B,Morning,M139,Semi-Automatic,OP1085,Washing Machine,332,323,21,17.0,8,971,1293.69,150.63,36.1,60,75.5
P00215,2025-12-29,Factory C,Line B,Afternoon,M115,Manual,OP1069,Microwave,198,139,10,45.0,10,1165,507.97,304.49,29.2,53,63.9
P00216,2025-10-14,Factory A,Line C,Night,M106,Automatic,OP1046,Television,245,227,9,53.0,10,680,725.34,149.97,35.0,65,62.1
P00217,2025-11-14,Factory A,Line D,Morning,M133,Automatic,OP1088,Microwave,478,419,33,,12,355,2190.04,89.08,37.8,56,
P00218,2025-03-15,Factory B,Line B,Morning,M132,Semi-Automatic,OP1081,Television,471,428,20,81.0,8,304,1184.93,113.99,33.5,71,90.6
P00219,2025-03-08,Factory C,Line D,Night,M128,Semi-Automatic,OP1055,Microwave,430,434,24,0.0,8,846,578.59,183.57,18.3,55,90.3
P00220,2025-01-10,Factory C,Line A,Night,M116,Automatic,OP1089,Washing Machine,451,442,19,16.0,8,692,1308.01,155.1,19.3,37,71.9
P00221,2025-09-24,Factory C,Line C,Afternoon,M109,Semi-Automatic,OP1063,Washing Machine,328,285,6,21.0,12,319,648.2,334.05,20.6,81,60.9
P00222,2025-03-05,Factory B,Line A,Afternoon,M117,Manual,OP1080,Refrigerator,438,432,3,84.0,8,969,2106.69,45.5,20.3,63,75.2
P00223,2025-08-31,Factory C,Line B,Morning,M101,Semi-Automatic,OP1054,Refrigerator,460,443,33,34.0,9,728,2093.57,69.59,32.4,42,71.3
P00224,2025-04-12,Factory C,Line B,Afternoon,M134,Automatic,OP1046,Microwave,234,186,4,20.0,8,861,1291.25,113.27,36.7,56,69.4
P00225,2025-02-26,Factory C,Line D,Morning,M106,Manual,OP1010,Refrigerator,186,190,8,82.0,9,767,2472.8,150.81,27.3,41,92.5
P00226,2025-07-04,Factory C,Line C,Afternoon,M108,Automatic,OP1098,Refrigerator,200,178,0,109.0,9,979,1653.28,164.68,35.9,74,70.7
P00227,2025-06-25,Factory A,Line A,Afternoon,M126,Semi-Automatic,OP1035,Microwave,227,195,15,102.0,12,964,2226.7,95.88,20.7,81,62.3
P00228,2025-08-02,Factory C,Line D,Night,M129,Automatic,OP1079,Microwave,261,263,11,78.0,8,1183,1742.71,381.38,37.5,43,79.3
P00229,2025-07-30,Factory B,Line A,Morning,M117,Manual,OP1041,Refrigerator,429,430,33,98.0,9,985,2195.54,245.62,31.8,74,63.8
P00230,2025-06-27,Factory C,Line D,Morning,M136,Manual,OP1007,Refrigerator,307,261,20,119.0,9,817,2137.23,387.05,35.4,39,90.1
P00231,2025-06-19,Factory B,Line A,Night,M115,Manual,OP1083,Microwave,344,329,12,104.0,9,380,1201.83,365.54,27.0,66,77.9
P00232,2025-12-01,Factory A,Line A,Afternoon,M127,Automatic,OP1072,Air Conditioner,240,192,0,105.0,8,1110,1550.09,288.1,24.1,67,82.5
P00233,2025-07-06,Factory A,Line B,Afternoon,M122,Manual,OP1099,Air Conditioner,413,385,19,60.0,10,1033,1186.08,66.41,31.2,35,73.7
P00234,2025-09-25,Factory B,Line A,Morning,M111,Semi-Automatic,OP1018,Microwave,329,274,3,32.0,9,492,389.79,387.18,22.3,85,67.6
P00235,2025-08-01,Factory A,Line A,Afternoon,M130,Manual,OP1076,Air Conditioner,353,355,4,63.0,8,843,1866.91,260.12,26.7,72,79.3
P00236,2025-12-21,Factory C,Line B,Night,M109,Automatic,OP1050,Air Conditioner,440,433,20,64.0,12,728,2450.8,414.26,33.2,52,75.9
P00237,2025-08-20,Factory A,Line B,Afternoon,M139,Manual,OP1096,Air Conditioner,355,333,9,107.0,10,1028,1868.36,260.27,22.3,48,85.0
P00238,2025-12-11,Factory A,Line B,Night,M135,Manual,OP1082,Washing Machine,328,299,22,14.0,10,875,1252.89,267.52,31.3,61,87.0
P00239,2025-08-05,Factory A,Line A,Morning,M125,Automatic,OP1007,Refrigerator,453,432,12,34.0,9,593,1740.14,87.23,19.2,85,71.8
P00240,2025-07-03,Factory B,Line A,Night,M136,Automatic,OP1096,Air Conditioner,457,468,24,30.0,10,1009,1694.78,418.76,25.8,85,99.0
P00241,2025-01-28,Factory A,Line C,Morning,M140,Semi-Automatic,OP1029,Washing Machine,340,285,18,69.0,9,1094,1839.79,107.24,27.0,78,63.0
P00242,2025-03-03,Factory B,Line A,Afternoon,M118,Manual,OP1034,Television,268,218,5,74.0,10,305,893.35,326.62,21.1,44,97.1
P00243,2025-11-17,Factory C,Line C,Afternoon,M137,Manual,OP1046,Refrigerator,485,494,20,,9,488,1349.46,359.16,21.2,69,
P00244,2025-04-24,Factory A,Line C,Afternoon,M124,Semi-Automatic,OP1028,Air Conditioner,227,198,15,71.0,8,417,1705.45,214.41,36.1,74,96.7
P00245,2025-12-16,Factory B,Line D,Morning,M125,Semi-Automatic,OP1070,Washing Machine,304,314,0,116.0,10,826,2026.76,214.36,18.9,76,67.7
P00246,2025-02-19,Factory A,Line A,Night,M105,Automatic,OP1086,Television,443,448,27,106.0,8,510,1390.61,323.67,37.5,84,77.4
P00247,2025-01-13,Factory B,Line C,Morning,M106,Automatic,OP1007,Television,216,212,8,71.0,8,888,2071.89,412.17,26.2,63,85.2
P00248,2025-01-09,Factory B,Line A,Night,M101,Manual,OP1093,Air Conditioner,401,376,2,96.0,8,1017,2135.8,177.02,28.1,53,91.5
P00249,2025-05-25,Factory B,Line D,Afternoon,M102,Semi-Automatic,OP1021,Air Conditioner,334,338,7,17.0,12,1115,2013.96,256.93,37.2,44,71.9
P00250,2025-10-11,Factory C,Line B,Morning,M103,Automatic,OP1074,Air Conditioner,371,385,12,68.0,8,612,604.13,340.11,32.5,48,76.5
P00251,2025-03-24,Factory A,Line B,Night,M117,Automatic,OP1015,Television,442,439,3,108.0,12,960,1419.2,148.53,19.3,41,67.9
P00252,2025-06-19,Factory B,Line B,Night,M116,Automatic,OP1037,Air Conditioner,477,430,4,115.0,9,625,1266.07,164.55,31.2,79,83.4
P00253,2025-07-06,Factory B,Line D,Morning,M101,Semi-Automatic,OP1032,Television,469,412,27,35.0,10,437,1730.99,165.91,27.6,63,74.3
P00254,2025-10-10,Factory A,Line B,Night,M139,Automatic,OP1036,Television,336,289,17,25.0,10,1051,2227.21,57.5,19.5,36,94.0
P00255,2025-10-24,Factory B,Line B,Morning,M136,Semi-Automatic,OP1070,Air Conditioner,195,136,7,83.0,9,674,1042.0,403.86,29.8,53,65.4
P00256,2025-02-16,Factory B,Line C,Night,M101,Manual,OP1031,Air Conditioner,436,386,21,21.0,9,756,482.13,265.7,29.3,44,89.4
P00257,2025-01-21,Factory A,Line D,Morning,M105,Semi-Automatic,OP1048,Television,427,397,2,85.0,9,830,2278.54,178.53,27.4,64,95.3
P00258,2025-02-22,Factory C,Line C,Night,M117,Manual,OP1070,Air Conditioner,200,174,2,48.0,12,674,1510.43,406.75,19.6,51,75.1
P00259,2025-07-27,Factory B,Line C,Afternoon,M131,Manual,OP1001,Air Conditioner,294,243,4,56.0,9,535,285.01,298.48,22.2,46,66.3
P00260,2025-12-05,Factory A,Line D,Afternoon,M108,Semi-Automatic,OP1087,Microwave,488,488,30,26.0,9,962,2100.08,34.54,18.9,71,83.7
P00261,2025-01-21,Factory C,Line B,Morning,M111,Semi-Automatic,OP1024,Air Conditioner,248,198,12,76.0,8,1199,1826.91,306.24,23.7,40,68.7
P00262,2025-09-04,Factory A,Line B,Afternoon,M139,Automatic,OP1075,Television,490,445,32,33.0,9,1041,1745.42,417.0,29.9,39,69.2
P00263,2025-02-25,Factory A,Line B,Night,M133,Manual,OP1054,Television,377,376,19,12.0,9,787,2263.86,279.92,35.6,69,80.1
P00264,2025-09-04,Factory C,Line B,Night,M135,Automatic,OP1100,Microwave,240,244,16,53.0,10,1195,204.25,250.17,22.6,65,91.6
P00265,2025-10-29,Factory C,Line A,Afternoon,M109,Semi-Automatic,OP1062,Television,375,346,27,10.0,10,912,2204.24,198.67,21.8,80,89.7
P00266,2025-09-25,Factory A,Line A,Afternoon,M114,Manual,OP1041,Microwave,183,125,5,13.0,9,736,1663.78,132.79,35.1,62,82.6
P00267,2025-12-15,Factory B,Line B,Afternoon,M136,Manual,OP1062,Television,493,473,23,71.0,12,559,2472.42,270.5,33.5,60,89.4
P00268,2025-08-17,Factory C,Line B,Morning,M114,Manual,OP1052,Washing Machine,240,226,17,78.0,8,464,1033.85,295.25,34.1,44,78.9
P00269,2025-02-15,Factory A,Line C,Morning,M124,Automatic,OP1078,Refrigerator,487,447,24,119.0,12,928,1674.82,146.75,37.3,38,97.8
P00270,2025-08-13,Factory A,Line B,Night,M134,Semi-Automatic,OP1025,Refrigerator,269,221,16,66.0,9,929,506.76,40.33,22.8,35,99.0
P00271,2025-07-24,Factory B,Line D,Afternoon,M138,Automatic,OP1067,Refrigerator,224,204,2,117.0,8,862,782.79,377.65,36.3,57,73.9
P00272,2025-11-07,Factory A,Line D,Afternoon,M137,Automatic,OP1034,Television,321,308,13,,8,872,273.73,150.06,36.9,67,
P00273,2025-05-09,Factory C,Line D,Afternoon,M137,Semi-Automatic,OP1099,Television,455,397,21,99.0,12,997,1205.73,274.4,18.5,42,70.3
P00274,2025-12-13,Factory C,Line B,Afternoon,M127,Semi-Automatic,OP1067,Air Conditioner,375,362,0,89.0,10,554,789.49,194.55,33.0,56,63.0
P00275,2025-06-10,Factory B,Line B,Night,M118,Automatic,OP1096,Television,271,226,15,94.0,9,540,1865.03,395.92,22.1,47,93.4
P00276,2025-03-21,Factory A,Line A,Morning,M132,Manual,OP1001,Air Conditioner,496,466,2,108.0,12,680,1589.6,234.24,37.7,71,94.8
P00277,2025-09-19,Factory B,Line D,Morning,M137,Automatic,OP1007,Air Conditioner,431,423,27,61.0,8,814,933.49,390.67,33.5,64,99.1
P00278,2025-06-11,Factory C,Line A,Morning,M114,Semi-Automatic,OP1075,Refrigerator,445,402,20,46.0,10,491,1416.55,125.78,27.4,74,73.7
P00279,2025-08-06,Factory A,Line D,Night,M124,Semi-Automatic,OP1052,Washing Machine,274,226,14,23.0,9,889,1746.43,371.03,32.4,50,82.2
P00280,2025-03-16,Factory C,Line B,Afternoon,M101,Automatic,OP1054,Microwave,375,365,4,114.0,10,1104,1267.89,131.66,35.2,38,75.9
P00281,2025-04-21,Factory B,Line D,Night,M107,Semi-Automatic,OP1096,Washing Machine,263,271,8,46.0,10,873,1437.98,369.26,24.9,61,64.8
P00282,2025-10-23,Factory C,Line B,Afternoon,M123,Semi-Automatic,OP1087,Air Conditioner,490,480,31,99.0,12,380,1014.57,146.77,30.6,44,94.7
P00283,2025-11-20,Factory C,Line D,Morning,M106,Automatic,OP1044,Television,352,314,10,40.0,10,1027,741.93,298.97,23.4,63,91.2
P00284,2025-09-24,Factory B,Line D,Morning,M112,Automatic,OP1017,Television,365,305,21,32.0,8,515,500.59,68.78,19.3,65,81.9
P00285,2025-09-26,Factory A,Line A,Afternoon,M140,Automatic,OP1011,Microwave,193,158,4,29.0,9,1055,782.02,291.25,20.6,45,61.1
P00286,2025-09-01,Factory B,Line C,Night,M129,Automatic,OP1090,Air Conditioner,362,336,5,75.0,12,946,1897.39,397.85,26.7,75,85.6
P00287,2025-09-04,Factory C,Line B,Morning,M129,Semi-Automatic,OP1047,Microwave,338,309,8,19.0,10,310,100.22,371.54,35.0,57,71.5
P00288,2025-12-19,Factory B,Line D,Afternoon,M101,Semi-Automatic,OP1038,Air Conditioner,453,467,14,101.0,8,861,996.75,199.99,29.2,60,70.0
P00289,2025-04-23,Factory B,Line A,Afternoon,M116,Manual,OP1098,Air Conditioner,379,346,25,88.0,10,591,1656.3,251.08,23.4,47,94.1
P00290,2025-05-29,Factory A,Line D,Night,M129,Semi-Automatic,OP1090,Air Conditioner,273,271,15,24.0,10,319,465.16,437.13,18.4,41,71.3
P00291,2025-01-05,Factory A,Line A,Morning,M101,Semi-Automatic,OP1028,Washing Machine,244,203,13,39.0,12,680,1212.84,361.36,24.6,83,98.1
P00292,2025-07-20,Factory A,Line D,Morning,M113,Semi-Automatic,OP1049,Refrigerator,208,189,3,98.0,9,694,1950.94,213.26,32.8,37,68.0
P00293,2025-12-07,Factory A,Line D,Afternoon,M120,Semi-Automatic,OP1021,Refrigerator,228,177,11,119.0,8,559,1254.95,152.0,25.2,38,94.5
P00294,2025-05-01,Factory C,Line D,Afternoon,M101,Automatic,OP1036,Air Conditioner,291,292,3,50.0,9,309,2425.2,271.96,31.8,79,83.8
P00295,2025-05-08,Factory A,Line D,Morning,M140,Semi-Automatic,OP1098,Refrigerator,370,374,1,45.0,9,1018,1387.25,70.64,27.8,55,99.3
P00296,2025-04-09,Factory A,Line D,Afternoon,M109,Semi-Automatic,OP1006,Microwave,357,316,22,56.0,10,855,1772.89,105.65,21.7,57,72.9
P00297,2025-11-03,Factory C,Line B,Morning,M134,Automatic,OP1058,Washing Machine,419,399,16,69.0,10,764,101.73,296.16,25.6,46,95.3
P00298,2025-11-14,Factory A,Line C,Night,M105,Manual,OP1069,Microwave,497,466,12,67.0,12,1084,1423.52,285.54,24.5,76,72.9
P00299,2025-12-04,Factory A,Line A,Morning,M112,Automatic,OP1026,Refrigerator,229,178,7,24.0,8,332,1470.43,380.43,31.2,68,85.0
P00300,2025-01-26,Factory B,Line B,Night,M105,Automatic,OP1027,Microwave,482,465,5,59.0,8,669,1439.25,423.75,26.3,58,91.8
P00301,2025-09-28,Factory A,Line A,Afternoon,M105,Automatic,OP1067,Refrigerator,209,190,3,92.0,9,844,1024.79,107.08,31.1,71,85.0
P00302,2025-10-13,Factory B,Line A,Night,M137,Semi-Automatic,OP1087,Microwave,271,215,13,113.0,8,470,2001.91,258.74,28.1,77,66.3
P00303,2025-06-30,Factory B,Line C,Afternoon,M127,Manual,OP1056,Washing Machine,487,446,15,72.0,9,684,1937.7,418.61,23.1,63,77.9
P00304,2025-01-18,Factory B,Line A,Night,M109,Semi-Automatic,OP1001,Washing Machine,383,398,14,27.0,10,322,1951.66,425.92,34.4,70,80.5
P00305,2025-03-21,Factory A,Line A,Afternoon,M123,Automatic,OP1018,Washing Machine,472,414,23,113.0,9,538,714.99,152.63,29.4,71,96.7
P00306,2025-09-05,Factory A,Line D,Night,M137,Automatic,OP1077,Washing Machine,219,193,1,93.0,12,380,1972.29,416.8,24.7,62,76.7
P00307,2025-12-01,Factory C,Line A,Night,M125,Automatic,OP1040,Air Conditioner,241,227,1,40.0,9,634,1305.76,118.84,19.0,81,99.9
P00308,2025-09-16,Factory A,Line B,Afternoon,M119,Semi-Automatic,OP1019,Television,408,350,10,10.0,12,885,1888.76,257.96,23.3,60,80.1
P00309,2025-09-04,Factory C,Line B,Afternoon,M126,Manual,OP1074,Television,246,244,17,78.0,9,548,271.95,355.13,24.5,71,63.6
P00310,2025-07-07,Factory B,Line B,Afternoon,M123,Manual,OP1084,Refrigerator,391,352,24,39.0,9,658,1578.93,445.82,26.8,44,77.6
P00311,2025-12-17,Factory B,Line B,Night,M106,Automatic,OP1095,Refrigerator,299,289,7,79.0,9,1189,2097.87,147.27,24.9,42,72.2
P00312,2025-06-19,Factory A,Line B,Morning,M135,Manual,OP1097,Washing Machine,421,434,30,79.0,9,1011,1777.01,32.82,29.7,77,81.1
P00313,2025-01-31,Factory B,Line B,Night,M140,Semi-Automatic,OP1007,Microwave,310,304,20,120.0,8,368,1032.75,140.31,35.0,77,74.4
P00314,2025-05-30,Factory C,Line D,Morning,M125,Manual,OP1091,Refrigerator,235,248,10,62.0,8,490,577.3,435.89,29.2,80,60.9
P00315,2025-06-06,Factory B,Line D,Afternoon,M111,Automatic,OP1045,Washing Machine,306,254,11,80.0,10,541,2490.39,440.9,23.5,38,85.0
P00316,2025-10-12,Factory B,Line B,Morning,M122,Semi-Automatic,OP1085,Television,378,390,5,93.0,12,833,2405.45,285.29,30.5,49,76.7
P00317,2025-08-07,Factory B,Line C,Afternoon,M135,Automatic,OP1027,Television,473,469,37,69.0,9,1183,431.46,317.63,36.0,43,77.2
P00318,2025-03-22,Factory B,Line A,Night,M135,Manual,OP1016,Television,254,197,10,107.0,9,1044,170.76,160.44,37.5,61,72.1
P00319,2025-04-07,Factory A,Line B,Morning,M102,Manual,OP1079,Washing Machine,320,316,19,72.0,9,910,657.24,317.14,25.2,79,91.2
P00320,2025-11-06,Factory B,Line C,Morning,M125,Semi-Automatic,OP1061,Television,248,199,5,24.0,9,333,1080.61,436.75,36.5,61,68.9
P00321,2025-02-03,Factory A,Line D,Night,M132,Manual,OP1042,Microwave,283,272,7,54.0,12,1094,200.38,337.52,25.6,55,75.8
P00322,2025-09-26,Factory C,Line A,Night,M107,Semi-Automatic,OP1059,Refrigerator,472,419,15,66.0,12,1052,194.2,189.64,33.3,38,67.6
P00323,2025-06-05,Factory B,Line D,Morning,M128,Semi-Automatic,OP1079,Refrigerator,405,370,22,66.0,9,774,2091.74,216.97,32.5,42,67.2
P00324,2025-03-11,Factory B,Line D,Afternoon,M129,Automatic,OP1023,Microwave,479,425,12,112.0,12,392,700.2,318.98,36.1,85,66.6
P00325,2025-02-28,Factory C,Line D,Night,M124,Automatic,OP1068,Microwave,243,247,16,78.0,9,687,1420.83,43.66,21.4,56,82.6
P00326,2025-03-16,Factory A,Line A,Afternoon,M120,Semi-Automatic,OP1094,Microwave,256,251,9,80.0,9,420,2256.5,433.18,18.1,83,70.1
P00327,2025-09-13,Factory C,Line A,Night,M132,Automatic,OP1028,Air Conditioner,414,366,21,60.0,12,719,1160.5,280.52,18.1,70,71.1
P00328,2025-01-26,Factory A,Line B,Morning,M123,Automatic,OP1019,Refrigerator,465,454,36,107.0,10,639,2308.92,45.84,26.3,46,66.5
P00329,2025-10-15,Factory A,Line D,Night,M138,Semi-Automatic,OP1005,Refrigerator,325,267,9,41.0,10,688,2068.64,347.34,34.9,39,71.7
P00330,2025-12-22,Factory B,Line C,Night,M127,Manual,OP1027,Television,248,248,19,7.0,8,885,1851.35,292.32,37.7,65,89.0
P00331,2025-08-07,Factory C,Line C,Afternoon,M134,Manual,OP1080,Washing Machine,489,468,8,78.0,12,832,1850.04,236.54,34.2,74,69.3
P00332,2025-01-01,Factory A,Line A,Afternoon,M108,Manual,OP1027,Air Conditioner,328,319,13,52.0,8,641,939.16,367.57,22.2,75,68.0
P00333,2025-02-04,Factory B,Line C,Night,M136,Semi-Automatic,OP1099,Refrigerator,324,307,3,87.0,10,649,1050.52,266.79,37.2,46,67.8
P00334,2025-08-31,Factory A,Line B,Afternoon,M110,Manual,OP1059,Air Conditioner,353,307,10,59.0,12,1060,234.45,246.46,29.3,78,72.6
P00335,2025-04-17,Factory C,Line C,Afternoon,M105,Automatic,OP1036,Refrigerator,454,467,21,,9,884,1553.65,104.64,20.3,85,
P00336,2025-05-20,Factory B,Line A,Afternoon,M116,Semi-Automatic,OP1058,Washing Machine,341,352,6,67.0,10,479,369.36,358.6,33.6,40,77.8
P00337,2025-09-14,Factory A,Line B,Afternoon,M131,Manual,OP1068,Washing Machine,192,146,5,18.0,8,1141,2457.46,244.36,37.9,48,89.0
P00338,2025-09-25,Factory A,Line A,Afternoon,M103,Manual,OP1077,Refrigerator,415,381,10,59.0,8,405,1349.39,305.07,24.2,71,90.3
P00339,2025-04-13,Factory A,Line C,Afternoon,M135,Semi-Automatic,OP1099,Microwave,287,261,3,34.0,9,461,756.73,31.48,30.5,67,64.1
P00340,2025-10-09,Factory B,Line C,Morning,M119,Manual,OP1032,Television,457,428,4,39.0,10,853,1164.75,80.28,27.4,78,62.0
P00341,2025-02-14,Factory B,Line D,Morning,M139,Manual,OP1081,Microwave,376,385,19,45.0,10,640,2061.86,327.98,31.4,69,63.1
P00342,2025-03-09,Factory A,Line D,Morning,M130,Semi-Automatic,OP1088,Microwave,418,361,15,29.0,9,447,2166.63,287.2,36.3,60,67.3
P00343,2025-08-21,Factory B,Line A,Morning,M131,Automatic,OP1045,Microwave,349,323,14,108.0,9,589,1943.06,281.89,20.5,41,76.2
P00344,2025-10-12,Factory C,Line A,Afternoon,M135,Semi-Automatic,OP1052,Air Conditioner,234,208,13,30.0,9,861,481.65,230.01,19.3,48,92.6
P00345,2025-08-11,Factory C,Line C,Night,M116,Automatic,OP1085,Refrigerator,482,442,31,14.0,12,633,1432.21,374.36,21.5,60,62.8
P00346,2025-06-17,Factory B,Line A,Morning,M114,Automatic,OP1075,Refrigerator,235,202,4,84.0,9,763,1375.01,190.74,29.6,47,68.2
P00347,2025-10-19,Factory C,Line C,Afternoon,M123,Automatic,OP1075,Refrigerator,342,319,19,65.0,12,1167,406.13,150.03,25.4,70,98.7
P00348,2025-07-03,Factory A,Line C,Morning,M116,Semi-Automatic,OP1090,Air Conditioner,180,124,6,80.0,10,1028,1018.7,187.17,28.9,77,66.9
P00349,2025-10-12,Factory B,Line C,Afternoon,M110,Semi-Automatic,OP1086,Television,251,242,4,1.0,8,963,137.7,331.57,27.7,62,99.0
P00350,2025-03-12,Factory C,Line D,Afternoon,M139,Semi-Automatic,OP1080,Television,249,254,14,65.0,12,865,2068.17,188.5,22.5,62,84.2
P00351,2025-05-02,Factory C,Line C,Afternoon,M135,Manual,OP1047,Refrigerator,475,427,2,72.0,12,1021,984.59,271.61,37.2,40,65.7
P00352,2025-08-27,Factory C,Line A,Night,M140,Automatic,OP1032,Microwave,449,429,4,87.0,10,927,226.66,171.01,33.6,65,78.2
P00353,2025-06-19,Factory B,Line C,Afternoon,M119,Automatic,OP1005,Air Conditioner,420,362,23,38.0,10,362,1610.32,270.71,29.5,77,99.6
P00354,2025-05-27,Factory B,Line A,Morning,M133,Automatic,OP1036,Washing Machine,499,511,8,78.0,10,581,2158.86,31.04,20.2,46,96.4
P00355,2025-07-09,Factory A,Line C,Night,M116,Semi-Automatic,OP1024,Air Conditioner,257,215,1,43.0,8,448,1529.31,374.23,34.8,83,99.7
P00356,2025-12-05,Factory B,Line B,Morning,M137,Manual,OP1045,Refrigerator,376,361,20,33.0,8,353,502.24,194.47,24.0,82,97.9
P00357,2025-07-14,Factory C,Line D,Afternoon,M117,Automatic,OP1068,Microwave,452,438,0,36.0,12,691,1728.38,433.75,31.7,37,63.9
P00358,2025-08-10,Factory C,Line C,Afternoon,M118,Semi-Automatic,OP1013,Washing Machine,452,422,25,59.0,9,1051,1712.54,352.46,28.4,78,87.6
P00359,2025-10-08,Factory A,Line A,Morning,M101,Semi-Automatic,OP1013,Air Conditioner,272,247,3,87.0,12,659,626.6,145.4,21.9,36,84.8
P00360,2025-11-03,Factory C,Line A,Night,M108,Automatic,OP1078,Television,209,197,12,84.0,9,413,1769.57,132.67,27.3,39,85.6
P00361,2025-12-21,Factory C,Line C,Afternoon,M111,Automatic,OP1036,Refrigerator,321,282,12,49.0,10,361,719.77,370.44,21.6,39,79.7
P00362,2025-04-02,Factory C,Line D,Morning,M110,Manual,OP1099,Microwave,282,247,6,78.0,8,752,1816.96,68.9,19.5,71,89.1
P00363,2025-09-12,Factory A,Line A,Morning,M125,Semi-Automatic,OP1020,Washing Machine,408,421,25,73.0,8,827,1798.25,352.67,27.6,60,93.8
P00364,2025-04-26,Factory A,Line D,Night,M131,Automatic,OP1073,Air Conditioner,215,161,5,42.0,10,710,232.47,448.73,30.9,58,81.4
P00365,2025-08-24,Factory B,Line B,Morning,M136,Automatic,OP1050,Television,354,359,9,89.0,12,409,1613.48,177.69,19.7,75,77.5
P00366,2025-01-19,Factory A,Line A,Night,M138,Automatic,OP1063,Microwave,277,275,2,101.0,10,811,1381.46,379.56,27.0,36,61.5
P00367,2025-01-22,Factory B,Line A,Morning,M134,Semi-Automatic,OP1087,Air Conditioner,208,180,2,94.0,9,373,188.51,85.18,31.1,65,96.3
P00368,2025-05-05,Factory C,Line B,Morning,M112,Manual,OP1007,Washing Machine,496,506,6,58.0,9,1155,1518.5,372.57,20.1,66,83.8
P00369,2025-02-02,Factory A,Line D,Afternoon,M126,Semi-Automatic,OP1016,Air Conditioner,495,482,34,17.0,10,1156,2415.26,115.62,18.9,46,73.4
P00370,2025-03-14,Factory B,Line B,Night,M124,Manual,OP1022,Microwave,241,221,7,118.0,8,436,339.92,385.13,30.2,84,66.3
P00371,2025-01-04,Factory A,Line B,Morning,M138,Semi-Automatic,OP1054,Microwave,429,434,8,26.0,9,955,750.28,216.43,22.8,46,84.4
P00372,2025-09-13,Factory C,Line A,Night,M120,Semi-Automatic,OP1054,Refrigerator,199,191,7,24.0,8,842,2444.3,288.04,35.3,69,80.3
P00373,2025-05-22,Factory A,Line B,Morning,M110,Manual,OP1061,Microwave,417,406,11,20.0,8,355,1647.67,146.15,26.7,56,84.7
P00374,2025-02-23,Factory C,Line A,Night,M112,Automatic,OP1004,Microwave,412,422,32,14.0,8,540,1831.37,276.9,24.5,47,89.9
P00375,2025-02-26,Factory B,Line B,Morning,M116,Manual,OP1053,Television,346,332,12,114.0,9,375,1230.38,230.87,35.8,44,68.6
P00376,2025-04-02,Factory B,Line C,Morning,M130,Manual,OP1025,Washing Machine,492,449,17,25.0,10,430,177.03,266.68,23.6,42,94.1
P00377,2025-03-29,Factory B,Line B,Afternoon,M139,Automatic,OP1082,Air Conditioner,414,376,28,21.0,9,388,1088.07,246.75,35.2,48,83.7
P00378,2025-01-08,Factory C,Line D,Night,M116,Automatic,OP1042,Microwave,416,396,14,114.0,9,887,2255.8,202.55,18.9,65,89.3
P00379,2025-08-06,Factory C,Line D,Afternoon,M107,Semi-Automatic,OP1064,Television,438,449,5,71.0,8,1009,1856.29,428.72,20.7,53,69.6
P00380,2025-09-03,Factory C,Line C,Morning,M130,Manual,OP1096,Air Conditioner,226,239,0,58.0,12,1090,432.7,323.83,21.7,58,85.1
P00381,2025-07-17,Factory C,Line C,Night,M103,Semi-Automatic,OP1055,Washing Machine,180,186,11,78.0,9,1106,1743.2,288.69,24.7,38,80.6
P00382,2025-02-26,Factory B,Line C,Afternoon,M140,Automatic,OP1047,Washing Machine,366,375,5,82.0,8,874,1802.41,112.0,37.6,50,81.6
P00383,2025-12-26,Factory A,Line B,Afternoon,M123,Semi-Automatic,OP1065,Microwave,424,365,8,6.0,8,681,928.54,231.65,28.5,42,78.8
P00384,2025-05-30,Factory B,Line C,Night,M105,Automatic,OP1059,Refrigerator,452,399,5,50.0,9,595,2399.82,57.7,21.3,42,87.9
P00385,2025-04-15,Factory C,Line A,Afternoon,M127,Manual,OP1070,Television,434,430,30,44.0,12,754,1870.5,34.13,21.8,36,94.9
P00386,2025-11-27,Factory B,Line D,Night,M122,Manual,OP1083,Washing Machine,298,247,15,75.0,12,768,829.8,81.08,33.8,45,91.6
P00387,2025-07-10,Factory B,Line A,Morning,M123,Semi-Automatic,OP1059,Television,296,250,19,118.0,9,1028,1384.76,102.47,21.5,80,87.7
P00388,2025-05-02,Factory A,Line A,Afternoon,M137,Automatic,OP1057,Washing Machine,258,253,11,23.0,9,875,1797.12,307.86,37.6,44,74.9
P00389,2025-10-01,Factory B,Line A,Morning,M126,Semi-Automatic,OP1099,Television,456,451,29,118.0,10,459,110.31,338.86,37.5,56,85.9
P00390,2025-05-29,Factory C,Line B,Night,M129,Semi-Automatic,OP1089,Refrigerator,331,286,15,115.0,8,442,1727.22,74.67,18.5,74,93.6
P00391,2025-02-17,Factory B,Line A,Night,M113,Manual,OP1068,Television,408,378,25,119.0,10,500,154.12,253.83,26.9,77,98.3
P00392,2025-04-10,Factory B,Line C,Night,M139,Manual,OP1008,Washing Machine,442,407,25,18.0,12,678,1026.67,30.18,24.9,54,99.1
P00393,2025-04-21,Factory C,Line D,Night,M127,Semi-Automatic,OP1037,Television,467,471,27,93.0,12,442,2105.23,279.12,20.9,54,79.0
P00394,2025-02-03,Factory C,Line D,Morning,M101,Semi-Automatic,OP1082,Washing Machine,448,421,26,22.0,12,1027,1463.0,413.82,22.0,59,71.6
P00395,2025-06-04,Factory C,Line C,Afternoon,M136,Manual,OP1060,Television,431,441,1,101.0,8,457,730.42,431.31,34.7,65,65.0
P00396,2025-04-02,Factory B,Line B,Morning,M108,Semi-Automatic,OP1064,Refrigerator,327,289,19,95.0,10,895,1253.17,210.33,23.2,78,79.0
P00397,2025-09-20,Factory C,Line A,Afternoon,M111,Manual,OP1008,Television,241,209,10,59.0,9,665,491.94,140.88,26.4,57,61.9
P00398,2025-11-24,Factory A,Line B,Night,M112,Automatic,OP1077,Television,329,277,17,41.0,10,1146,2127.99,364.95,23.4,79,87.5
P00399,2025-10-24,Factory B,Line B,Morning,M109,Manual,OP1037,Washing Machine,229,176,12,62.0,12,648,2310.18,94.29,22.4,67,68.8
P00400,2025-11-11,Factory C,Line A,Afternoon,M130,Automatic,OP1015,Television,276,220,0,61.0,10,619,1758.52,84.08,26.8,73,80.9
P00401,2025-12-30,Factory B,Line A,Night,M108,Automatic,OP1017,Television,355,348,22,29.0,10,428,603.62,441.97,26.5,83,91.4
P00402,2025-09-05,Factory B,Line A,Morning,M107,Automatic,OP1085,Air Conditioner,219,232,18,7.0,12,421,2280.47,43.39,24.0,35,90.2
P00403,2025-10-28,Factory A,Line B,Night,M123,Automatic,OP1012,Television,243,232,8,74.0,10,660,485.34,237.77,32.6,50,80.2
P00404,2025-10-24,Factory A,Line B,Night,M113,Semi-Automatic,OP1022,Air Conditioner,214,217,0,92.0,8,519,2309.15,386.8,27.5,79,83.6
P00405,2025-04-03,Factory B,Line D,Afternoon,M114,Manual,OP1030,Microwave,405,407,7,97.0,10,426,1218.16,245.88,27.9,58,88.2
P00406,2025-02-12,Factory B,Line D,Morning,M125,Semi-Automatic,OP1059,Air Conditioner,465,475,19,87.0,12,531,1429.4,148.5,35.1,47,94.3
P00407,2025-04-02,Factory A,Line D,Night,M107,Semi-Automatic,OP1057,Air Conditioner,423,391,5,15.0,9,704,1061.5,275.99,20.0,45,62.6
P00408,2025-04-13,Factory C,Line D,Morning,M115,Semi-Automatic,OP1093,Microwave,281,253,8,97.0,10,1074,1994.78,298.63,26.0,65,86.7
P00409,2025-09-19,Factory B,Line B,Afternoon,M107,Automatic,OP1033,Microwave,387,340,15,,9,330,339.05,47.46,19.4,78,
P00410,2025-11-06,Factory C,Line C,Morning,M120,Manual,OP1080,Refrigerator,271,238,2,84.0,12,1111,1218.45,149.76,28.0,67,70.5
P00411,2025-10-07,Factory A,Line A,Afternoon,M108,Semi-Automatic,OP1058,Washing Machine,355,301,12,56.0,12,336,178.86,261.58,35.2,54,95.4
P00412,2025-08-09,Factory A,Line C,Night,M125,Semi-Automatic,OP1098,Refrigerator,264,217,15,84.0,12,787,1449.41,91.43,19.1,51,79.8
P00413,2025-05-26,Factory B,Line A,Morning,M138,Automatic,OP1017,Washing Machine,373,343,11,103.0,8,1083,2239.22,170.03,19.9,57,99.7
P00414,2025-01-29,Factory C,Line B,Morning,M116,Manual,OP1040,Air Conditioner,390,361,2,116.0,8,1189,831.79,168.48,18.4,55,61.5
P00415,2025-09-21,Factory B,Line C,Morning,M131,Manual,OP1003,Washing Machine,396,339,12,73.0,12,630,1474.09,368.54,20.0,78,68.2
P00416,2025-12-08,Factory B,Line B,Night,M120,Semi-Automatic,OP1056,Television,434,385,15,81.0,8,1160,2140.8,115.98,23.3,54,99.8
P00417,2025-11-16,Factory C,Line A,Night,M138,Automatic,OP1076,Washing Machine,385,372,8,8.0,12,737,603.37,363.15,31.0,54,80.2
P00418,2025-12-06,Factory C,Line C,Morning,M127,Semi-Automatic,OP1033,Air Conditioner,333,293,16,58.0,9,319,1606.83,244.4,21.7,66,68.5
P00419,2025-11-23,Factory C,Line D,Night,M104,Manual,OP1026,Washing Machine,419,400,29,18.0,9,454,1891.44,350.35,34.9,61,72.7
P00420,2025-07-31,Factory B,Line C,Night,M111,Semi-Automatic,OP1088,Air Conditioner,212,201,7,51.0,9,416,459.91,36.77,33.9,54,78.6
P00421,2025-08-05,Factory C,Line A,Morning,M111,Semi-Automatic,OP1018,Refrigerator,466,426,16,101.0,10,974,1421.69,298.82,18.8,81,79.4
P00422,2025-02-12,Factory B,Line C,Morning,M127,Semi-Automatic,OP1086,Refrigerator,190,198,12,120.0,9,541,368.64,337.15,36.7,68,86.6
P00423,2025-05-09,Factory B,Line A,Morning,M139,Automatic,OP1099,Washing Machine,477,425,21,106.0,12,1125,1896.1,125.27,26.5,44,64.3
P00424,2025-08-14,Factory B,Line C,Night,M104,Semi-Automatic,OP1069,Washing Machine,289,269,3,40.0,12,786,1738.57,434.41,35.6,44,74.5
P00425,2025-01-11,Factory C,Line A,Night,M104,Manual,OP1086,Television,368,344,8,70.0,12,616,1633.48,322.76,36.1,78,64.9
P00426,2025-07-18,Factory A,Line D,Afternoon,M120,Automatic,OP1097,Television,301,260,9,26.0,9,749,1615.25,398.77,33.3,61,91.6
P00427,2025-09-09,Factory B,Line D,Afternoon,M128,Automatic,OP1021,Washing Machine,320,325,16,8.0,10,730,1545.08,370.71,32.8,64,87.8
P00428,2025-11-19,Factory B,Line B,Morning,M126,Automatic,OP1081,Washing Machine,206,198,10,73.0,8,413,478.77,244.46,37.4,76,90.5
P00429,2025-06-13,Factory B,Line D,Night,M109,Semi-Automatic,OP1023,Air Conditioner,484,447,20,102.0,10,503,302.56,181.23,25.9,59,97.8
P00430,2025-01-11,Factory A,Line B,Morning,M130,Automatic,OP1034,Television,472,459,3,51.0,12,914,724.38,62.85,25.4,71,64.7
P00431,2025-08-21,Factory C,Line D,Morning,M115,Manual,OP1027,Television,449,409,17,36.0,12,691,412.48,388.94,30.0,53,89.1
P00432,2025-04-03,Factory B,Line B,Morning,M119,Semi-Automatic,OP1031,Air Conditioner,276,238,14,116.0,9,678,1498.97,300.08,19.7,65,65.3
P00433,2025-12-18,Factory A,Line D,Night,M128,Manual,OP1077,Washing Machine,345,310,2,12.0,8,353,898.87,124.81,36.2,73,97.6
P00434,2025-01-03,Factory B,Line D,Afternoon,M126,Manual,OP1048,Television,486,496,35,5.0,9,566,507.68,234.46,24.8,64,65.3
P00435,2025-08-10,Factory A,Line C,Morning,M121,Automatic,OP1017,Microwave,342,290,8,95.0,10,740,779.02,397.7,30.3,83,97.1
P00436,2025-08-12,Factory A,Line C,Night,M132,Automatic,OP1072,Microwave,444,419,3,24.0,9,355,651.67,40.24,23.2,80,78.7
P00437,2025-01-21,Factory B,Line C,Night,M136,Semi-Automatic,OP1059,Microwave,239,191,3,108.0,9,426,939.05,111.59,23.7,45,90.0
P00438,2025-12-06,Factory C,Line B,Night,M101,Manual,OP1099,Air Conditioner,319,262,5,53.0,8,552,1943.81,312.69,35.7,36,71.4
P00439,2025-07-11,Factory C,Line A,Afternoon,M110,Automatic,OP1011,Microwave,242,207,15,58.0,10,908,1679.22,165.01,18.9,74,98.0
P00440,2025-03-08,Factory A,Line A,Night,M119,Semi-Automatic,OP1008,Refrigerator,346,289,17,77.0,12,394,1057.26,100.65,37.3,60,63.6
P00441,2025-07-18,Factory B,Line C,Night,M110,Automatic,OP1039,Microwave,286,281,13,94.0,10,1001,1548.43,177.59,19.9,58,80.5
P00442,2025-07-18,Factory B,Line C,Night,M139,Semi-Automatic,OP1012,Microwave,430,388,23,78.0,9,744,1613.65,64.5,28.3,64,87.1
P00443,2025-09-27,Factory C,Line A,Afternoon,M130,Semi-Automatic,OP1011,Microwave,259,211,9,19.0,9,1000,2266.97,382.65,28.5,53,82.7
P00444,2025-01-24,Factory C,Line A,Night,M128,Semi-Automatic,OP1013,Microwave,462,468,36,104.0,10,663,711.66,59.75,28.1,42,89.6
P00445,2025-04-04,Factory B,Line A,Morning,M127,Manual,OP1039,Washing Machine,416,409,29,96.0,12,938,2038.8,170.07,36.4,46,68.4
P00446,2025-12-11,Factory A,Line D,Night,M102,Automatic,OP1051,Refrigerator,220,202,0,21.0,12,771,1760.33,394.23,37.3,73,89.0
P00447,2025-12-20,Factory C,Line D,Afternoon,M106,Automatic,OP1018,Refrigerator,335,304,6,14.0,8,1012,2429.25,390.08,22.2,76,65.8
P00448,2025-11-17,Factory C,Line B,Morning,M120,Semi-Automatic,OP1019,Microwave,303,263,13,2.0,8,470,2265.8,338.98,26.9,66,78.9
P00449,2025-05-05,Factory A,Line C,Night,M126,Automatic,OP1043,Refrigerator,410,351,3,80.0,12,725,2136.68,338.26,29.9,70,100.0
P00450,2025-07-24,Factory B,Line D,Morning,M104,Manual,OP1003,Microwave,198,151,9,40.0,8,574,2242.91,202.28,27.5,66,84.9
P00451,2025-12-24,Factory B,Line A,Morning,M119,Manual,OP1025,Microwave,357,315,11,56.0,9,819,627.29,411.35,24.8,73,94.1
P00452,2025-05-31,Factory C,Line D,Afternoon,M124,Semi-Automatic,OP1021,Air Conditioner,419,418,13,36.0,8,983,1258.94,98.65,21.1,66,64.0
P00453,2025-06-05,Factory A,Line B,Night,M104,Automatic,OP1046,Washing Machine,392,344,11,86.0,9,478,2087.08,405.14,18.6,39,73.5
P00454,2025-03-03,Factory C,Line B,Afternoon,M117,Semi-Automatic,OP1046,Refrigerator,238,224,17,34.0,9,1173,1756.33,244.04,31.4,80,62.0
P00455,2025-02-26,Factory A,Line A,Night,M103,Manual,OP1014,Television,404,361,20,15.0,9,670,476.88,149.15,26.8,67,79.9
P00456,2025-11-28,Factory B,Line C,Morning,M108,Automatic,OP1057,Microwave,230,226,0,31.0,12,649,788.22,97.79,23.3,80,90.2
P00457,2025-03-19,Factory C,Line D,Morning,M109,Semi-Automatic,OP1053,Microwave,364,348,14,109.0,10,330,1162.19,352.31,32.4,68,97.7
P00458,2025-06-11,Factory B,Line B,Afternoon,M104,Semi-Automatic,OP1098,Refrigerator,223,195,4,115.0,8,946,2452.11,364.61,35.5,53,76.8
P00459,2025-06-10,Factory B,Line A,Afternoon,M134,Manual,OP1019,Microwave,463,440,28,82.0,9,857,1598.46,287.73,26.8,57,95.5
P00460,2025-06-04,Factory A,Line A,Night,M122,Semi-Automatic,OP1093,Television,387,377,16,69.0,10,518,322.77,259.51,28.4,83,85.4
P00461,2025-10-04,Factory C,Line C,Morning,M120,Manual,OP1055,Air Conditioner,191,203,3,93.0,8,1161,995.15,291.47,25.1,38,90.3
P00462,2025-06-02,Factory C,Line A,Afternoon,M122,Automatic,OP1096,Air Conditioner,243,201,7,44.0,10,591,1700.61,371.41,29.5,43,88.6
P00463,2025-02-23,Factory B,Line B,Afternoon,M130,Automatic,OP1019,Microwave,446,430,26,10.0,8,363,1119.73,80.28,22.3,39,74.8
P00464,2025-10-29,Factory C,Line D,Afternoon,M138,Semi-Automatic,OP1082,Microwave,449,413,28,88.0,12,1049,2435.85,375.12,20.9,43,79.4
P00465,2025-12-27,Factory C,Line A,Night,M114,Semi-Automatic,OP1061,Refrigerator,414,413,10,120.0,10,421,1543.84,198.66,20.4,71,71.6
P00466,2025-03-02,Factory B,Line C,Afternoon,M120,Semi-Automatic,OP1063,Refrigerator,447,443,9,18.0,12,349,2348.37,154.69,23.7,46,92.8
P00467,2025-03-04,Factory C,Line C,Morning,M103,Semi-Automatic,OP1062,Air Conditioner,430,445,19,72.0,12,645,1975.24,226.97,32.4,73,65.3
P00468,2025-11-22,Factory B,Line D,Night,M129,Automatic,OP1094,Washing Machine,250,201,2,102.0,12,696,658.77,193.04,28.8,77,95.6
P00469,2025-03-26,Factory C,Line A,Night,M120,Manual,OP1083,Refrigerator,322,326,20,71.0,8,497,2392.4,255.28,33.2,71,80.9
P00470,2025-01-10,Factory A,Line B,Morning,M118,Automatic,OP1032,Air Conditioner,423,374,14,10.0,10,711,1513.34,233.88,36.7,56,77.5
P00471,2025-09-28,Factory B,Line D,Afternoon,M106,Automatic,OP1013,Air Conditioner,392,404,10,36.0,9,487,713.33,63.09,24.1,61,87.1
P00472,2025-04-03,Factory A,Line A,Afternoon,M125,Automatic,OP1041,Television,210,184,6,114.0,10,564,1001.23,376.79,20.4,47,69.6
P00473,2025-05-02,Factory B,Line D,Morning,M118,Automatic,OP1041,Microwave,485,425,26,8.0,12,329,1077.99,124.34,35.7,52,82.2
P00474,2025-05-07,Factory C,Line B,Afternoon,M137,Semi-Automatic,OP1058,Refrigerator,480,483,32,26.0,9,682,1397.06,96.48,22.9,62,98.5
P00475,2025-01-22,Factory A,Line D,Night,M119,Manual,OP1022,Refrigerator,464,422,3,119.0,12,579,1534.88,381.78,25.6,57,93.7
P00476,2025-09-19,Factory B,Line A,Morning,M135,Manual,OP1009,Washing Machine,288,229,2,50.0,8,1150,435.16,261.5,23.6,62,68.4
P00477,2025-12-16,Factory B,Line C,Night,M129,Semi-Automatic,OP1032,Washing Machine,438,413,21,26.0,12,913,888.3,413.46,20.7,35,84.4
P00478,2025-12-11,Factory A,Line D,Night,M132,Semi-Automatic,OP1069,Refrigerator,182,196,2,68.0,8,1152,2058.54,214.2,20.5,59,93.1
P00479,2025-04-01,Factory C,Line A,Morning,M130,Semi-Automatic,OP1025,Microwave,363,329,0,28.0,8,1076,774.72,416.59,25.2,40,92.7
P00480,2025-04-24,Factory A,Line D,Afternoon,M103,Semi-Automatic,OP1064,Air Conditioner,500,477,13,0.0,9,1140,1632.25,72.15,23.5,67,79.8
P00481,2025-12-04,Factory C,Line B,Morning,M138,Automatic,OP1096,Refrigerator,462,453,8,33.0,9,835,1849.36,141.59,35.0,36,99.7
P00482,2025-12-15,Factory C,Line D,Morning,M128,Manual,OP1087,Refrigerator,452,435,20,55.0,12,580,392.12,245.28,27.9,68,90.4
P00483,2025-05-23,Factory B,Line D,Afternoon,M101,Semi-Automatic,OP1025,Washing Machine,294,303,2,112.0,8,1055,641.51,318.06,37.2,50,67.9
P00484,2025-02-02,Factory C,Line A,Morning,M131,Semi-Automatic,OP1004,Air Conditioner,348,324,25,80.0,10,1160,700.98,70.83,22.8,56,93.3
P00485,2025-05-02,Factory A,Line D,Morning,M129,Manual,OP1016,Refrigerator,350,299,1,117.0,8,686,851.87,385.27,19.3,43,62.5
P00486,2025-06-04,Factory C,Line D,Morning,M107,Manual,OP1008,Air Conditioner,406,414,3,37.0,12,711,329.99,344.58,22.7,73,91.5
P00487,2025-08-21,Factory B,Line D,Afternoon,M140,Manual,OP1013,Washing Machine,499,513,41,120.0,8,764,1341.31,274.82,20.2,35,83.8
P00488,2025-04-10,Factory C,Line B,Night,M133,Semi-Automatic,OP1046,Microwave,214,154,7,,12,490,683.57,363.74,19.2,54,
P00489,2025-06-09,Factory C,Line B,Morning,M131,Semi-Automatic,OP1078,Washing Machine,442,412,18,47.0,8,830,1507.46,313.28,19.1,67,92.8
P00490,2025-08-05,Factory B,Line B,Morning,M113,Automatic,OP1044,Television,466,475,30,88.0,12,914,1761.79,387.1,29.3,56,84.6
P00491,2025-03-25,Factory A,Line D,Morning,M132,Automatic,OP1001,Television,394,367,22,29.0,12,938,611.53,229.32,33.4,56,92.3
P00492,2025-07-24,Factory A,Line A,Afternoon,M101,Automatic,OP1046,Refrigerator,372,361,17,14.0,9,597,1156.98,293.32,36.3,58,61.8
P00493,2025-04-12,Factory B,Line B,Morning,M117,Manual,OP1023,Washing Machine,195,185,13,70.0,9,482,570.37,99.83,23.2,41,60.8
P00494,2025-12-02,Factory A,Line C,Morning,M120,Semi-Automatic,OP1031,Washing Machine,250,217,11,84.0,9,839,2445.04,449.02,35.6,80,62.6
P00495,2025-04-08,Factory A,Line D,Night,M124,Semi-Automatic,OP1077,Microwave,253,252,20,31.0,8,1081,1578.47,105.37,28.7,85,65.9
P00496,2025-11-19,Factory B,Line B,Night,M138,Semi-Automatic,OP1027,Refrigerator,306,315,25,60.0,8,471,1320.67,344.31,30.9,67,75.0
P00497,2025-04-02,Factory B,Line C,Night,M131,Manual,OP1064,Microwave,445,401,17,74.0,12,953,2310.84,273.19,18.7,49,95.8
P00498,2025-07-22,Factory A,Line C,Afternoon,M125,Manual,OP1021,Washing Machine,411,396,16,70.0,8,437,1903.89,150.4,28.4,49,83.4
P00499,2025-11-15,Factory B,Line D,Afternoon,M130,Semi-Automatic,OP1053,Washing Machine,418,368,25,63.0,10,579,1017.69,101.32,22.7,76,63.0
P00500,2025-09-14,Factory C,Line A,Afternoon,M115,Automatic,OP1016,Refrigerator,222,200,11,4.0,9,641,571.95,164.93,24.1,84,87.3
P00501,2025-12-28,Factory C,Line B,Night,M135,Semi-Automatic,OP1002,Washing Machine,320,311,9,105.0,10,1101,2492.42,426.97,34.4,83,86.2
P00502,2025-03-18,Factory B,Line B,Morning,M114,Semi-Automatic,OP1030,Air Conditioner,421,371,18,100.0,12,1039,2054.55,169.78,19.7,47,77.2
P00503,2025-08-13,Factory B,Line A,Afternoon,M109,Manual,OP1017,Washing Machine,393,382,30,94.0,8,811,2044.96,379.58,24.8,61,77.0
P00504,2025-06-03,Factory B,Line A,Night,M103,Automatic,OP1020,Washing Machine,386,333,18,80.0,12,690,590.09,191.02,28.7,47,79.0
P00505,2025-08-20,Factory C,Line C,Morning,M111,Automatic,OP1087,Air Conditioner,348,291,5,4.0,12,327,548.06,54.53,37.3,53,68.2
P00506,2025-02-05,Factory B,Line A,Afternoon,M134,Automatic,OP1022,Washing Machine,329,277,13,50.0,9,413,409.93,202.83,32.9,59,98.2
P00507,2025-04-16,Factory B,Line D,Night,M131,Automatic,OP1078,Air Conditioner,285,284,9,75.0,9,814,1820.25,220.06,22.0,44,77.8
P00508,2025-09-27,Factory B,Line D,Afternoon,M130,Manual,OP1006,Refrigerator,384,368,9,82.0,12,655,1780.76,327.45,23.9,74,92.9
P00509,2025-05-08,Factory A,Line D,Afternoon,M125,Manual,OP1024,Air Conditioner,269,231,3,50.0,8,545,2225.3,92.12,35.7,69,71.7
P00510,2025-09-10,Factory B,Line A,Afternoon,M105,Automatic,OP1065,Washing Machine,214,202,13,57.0,9,558,597.69,43.97,18.5,75,87.8
P00511,2025-06-25,Factory C,Line D,Morning,M126,Automatic,OP1002,Washing Machine,416,383,3,90.0,9,634,1708.71,222.3,27.2,40,81.9
P00512,2025-03-13,Factory B,Line C,Morning,M111,Automatic,OP1078,Refrigerator,304,263,5,37.0,8,847,1879.47,96.59,31.4,35,87.1
P00513,2025-07-03,Factory A,Line B,Night,M103,Manual,OP1069,Television,258,217,14,89.0,8,1156,1623.5,247.22,31.3,77,95.9
P00514,2025-08-16,Factory A,Line A,Morning,M125,Automatic,OP1032,Washing Machine,379,355,7,25.0,8,316,1112.04,445.45,24.7,47,87.2
P00515,2025-02-19,Factory C,Line B,Night,M111,Automatic,OP1054,Air Conditioner,212,199,3,104.0,10,630,1448.93,105.56,22.1,69,75.8
P00516,2025-04-29,Factory A,Line A,Afternoon,M121,Automatic,OP1002,Microwave,399,399,20,1.0,12,517,1201.06,53.06,34.3,76,85.0
P00517,2025-04-22,Factory B,Line C,Night,M132,Automatic,OP1092,Air Conditioner,202,209,5,32.0,8,914,878.45,293.12,25.8,84,87.7
P00518,2025-11-22,Factory C,Line C,Night,M131,Automatic,OP1043,Refrigerator,350,343,19,116.0,12,691,1326.46,340.27,28.1,80,99.5
P00519,2025-11-12,Factory A,Line C,Morning,M128,Automatic,OP1080,Refrigerator,299,312,1,17.0,10,810,811.88,89.46,22.1,37,69.5
P00520,2025-06-18,Factory A,Line C,Afternoon,M103,Manual,OP1054,Washing Machine,486,445,1,29.0,10,650,681.4,254.21,36.1,77,99.5
P00521,2025-09-24,Factory B,Line B,Afternoon,M101,Automatic,OP1063,Refrigerator,293,260,6,6.0,9,509,401.35,98.81,29.0,85,97.3
P00522,2025-02-10,Factory B,Line D,Afternoon,M111,Manual,OP1026,Television,300,251,13,22.0,9,610,784.85,215.52,30.7,52,94.5
P00523,2025-07-04,Factory B,Line D,Morning,M131,Semi-Automatic,OP1055,Air Conditioner,426,431,27,97.0,9,1139,2389.02,229.85,33.2,62,94.2
P00524,2025-03-20,Factory C,Line B,Afternoon,M125,Semi-Automatic,OP1040,Microwave,333,280,9,48.0,12,373,899.76,328.82,21.9,47,60.2
P00525,2025-09-09,Factory B,Line D,Afternoon,M124,Semi-Automatic,OP1063,Washing Machine,436,404,4,52.0,8,427,1023.58,265.38,21.9,62,98.3
P00526,2025-12-30,Factory B,Line C,Night,M104,Manual,OP1050,Microwave,358,308,23,31.0,9,789,182.82,370.58,30.6,78,61.1
P00527,2025-11-06,Factory B,Line B,Afternoon,M116,Manual,OP1075,Television,255,237,0,14.0,8,959,1807.86,188.35,32.1,40,80.7
P00528,2025-03-26,Factory B,Line C,Night,M120,Manual,OP1069,Microwave,276,237,18,39.0,12,1070,2203.36,334.25,19.8,75,82.9
P00529,2025-05-18,Factory C,Line B,Night,M126,Manual,OP1040,Refrigerator,356,353,5,104.0,12,301,332.49,353.84,26.4,61,86.2
P00530,2025-04-01,Factory B,Line B,Night,M109,Automatic,OP1063,Television,400,394,7,57.0,9,490,582.26,343.71,34.2,47,70.4
P00531,2025-11-17,Factory C,Line A,Night,M111,Automatic,OP1038,Refrigerator,389,348,12,15.0,10,365,921.16,273.9,27.6,78,90.4
P00532,2025-05-17,Factory A,Line A,Morning,M114,Manual,OP1001,Microwave,184,192,8,119.0,12,784,1916.59,281.86,24.7,78,95.6
P00533,2025-07-04,Factory C,Line D,Afternoon,M140,Automatic,OP1046,Washing Machine,341,326,25,12.0,8,767,2189.3,195.77,34.7,43,61.0
P00534,2025-05-24,Factory C,Line B,Afternoon,M129,Manual,OP1088,Microwave,242,190,13,84.0,9,303,2466.84,431.96,34.3,36,85.4
P00535,2025-12-14,Factory B,Line B,Night,M132,Semi-Automatic,OP1095,Air Conditioner,203,177,12,10.0,10,738,2353.8,425.13,27.5,77,94.3
P00536,2025-05-31,Factory C,Line B,Night,M110,Manual,OP1074,Air Conditioner,231,197,1,16.0,12,1115,309.02,378.75,37.9,64,66.7
P00537,2025-09-04,Factory C,Line B,Morning,M114,Automatic,OP1097,Refrigerator,408,409,6,55.0,8,464,2329.61,163.76,25.7,52,68.8
P00538,2025-12-10,Factory A,Line B,Night,M132,Automatic,OP1089,Washing Machine,311,266,7,119.0,8,959,923.74,411.82,32.9,81,75.3
P00539,2025-04-30,Factory A,Line C,Morning,M119,Automatic,OP1015,Refrigerator,467,427,21,94.0,9,1062,2360.82,268.46,20.5,55,98.2
P00540,2025-06-09,Factory A,Line B,Afternoon,M128,Semi-Automatic,OP1099,Washing Machine,475,490,8,66.0,9,409,1048.75,253.77,27.2,44,92.6
P00541,2025-09-13,Factory C,Line D,Morning,M139,Semi-Automatic,OP1019,Refrigerator,331,318,19,40.0,10,814,2476.8,77.47,37.9,80,83.0
P00542,2025-05-30,Factory C,Line D,Morning,M122,Automatic,OP1092,Television,290,242,7,89.0,8,1186,1962.49,389.13,32.5,54,99.4
P00543,2025-10-08,Factory B,Line C,Afternoon,M131,Semi-Automatic,OP1097,Microwave,261,274,12,,10,589,1771.3,107.91,35.1,60,
P00544,2025-01-28,Factory C,Line C,Afternoon,M111,Manual,OP1018,Microwave,345,286,22,61.0,10,448,603.44,366.85,21.9,76,60.4
P00545,2025-12-14,Factory A,Line D,Afternoon,M111,Automatic,OP1013,Washing Machine,474,476,30,22.0,8,420,2452.66,301.29,29.9,44,85.1
P00546,2025-01-18,Factory A,Line B,Afternoon,M132,Semi-Automatic,OP1089,Air Conditioner,386,370,5,83.0,12,1094,1760.31,363.01,31.2,84,78.5
P00547,2025-11-20,Factory C,Line D,Afternoon,M101,Automatic,OP1015,Refrigerator,375,355,3,62.0,9,323,1508.44,444.62,27.6,79,89.8
P00548,2025-07-16,Factory B,Line D,Afternoon,M137,Automatic,OP1013,Washing Machine,483,475,4,91.0,9,715,2050.88,33.39,29.1,69,91.3
P00549,2025-02-02,Factory C,Line A,Morning,M108,Automatic,OP1077,Television,451,404,0,71.0,12,1119,854.31,41.64,29.5,76,66.4
P00550,2025-01-18,Factory A,Line A,Night,M120,Semi-Automatic,OP1070,Television,467,450,27,120.0,8,554,821.44,427.14,28.4,85,71.7
P00551,2025-03-13,Factory C,Line D,Night,M121,Manual,OP1046,Air Conditioner,453,412,32,26.0,8,978,2067.43,125.77,21.8,54,94.2
P00552,2025-11-05,Factory C,Line B,Night,M123,Semi-Automatic,OP1017,Air Conditioner,290,288,13,9.0,10,566,1016.28,409.06,26.0,40,97.8
P00553,2025-10-02,Factory A,Line A,Night,M118,Manual,OP1090,Television,397,394,23,72.0,9,729,2071.76,159.45,33.8,59,61.0
P00554,2025-02-09,Factory B,Line A,Night,M108,Manual,OP1071,Microwave,489,473,4,42.0,8,671,2282.19,355.68,20.9,49,70.9
P00555,2025-04-24,Factory B,Line A,Morning,M112,Manual,OP1094,Washing Machine,230,197,15,12.0,10,1017,1473.18,144.85,23.4,41,95.9
P00556,2025-07-19,Factory A,Line C,Night,M135,Manual,OP1077,Microwave,267,242,15,75.0,9,565,122.79,243.27,21.1,43,65.7
P00557,2025-01-28,Factory C,Line C,Night,M116,Manual,OP1078,Microwave,470,451,29,23.0,12,662,2016.33,238.45,23.5,62,80.8
P00558,2025-11-22,Factory A,Line C,Afternoon,M121,Automatic,OP1082,Refrigerator,297,273,2,93.0,9,395,496.27,49.4,32.9,70,97.2
P00559,2025-12-13,Factory C,Line B,Afternoon,M132,Manual,OP1088,Air Conditioner,185,146,11,15.0,12,314,1579.09,412.13,32.9,80,77.0
P00560,2025-05-06,Factory C,Line A,Night,M129,Automatic,OP1087,Air Conditioner,453,424,14,22.0,8,675,2114.58,243.32,37.0,62,79.8
P00561,2025-02-27,Factory B,Line B,Night,M108,Semi-Automatic,OP1039,Microwave,267,235,9,33.0,9,302,1871.26,266.76,22.3,54,97.2
P00562,2025-08-26,Factory C,Line D,Morning,M123,Automatic,OP1079,Microwave,443,454,21,38.0,10,409,112.37,403.33,21.7,57,60.4
P00563,2025-04-12,Factory A,Line B,Afternoon,M108,Semi-Automatic,OP1001,Television,400,353,24,84.0,10,531,1229.68,184.08,25.3,46,81.5
P00564,2025-08-13,Factory C,Line D,Morning,M109,Semi-Automatic,OP1096,Microwave,317,319,0,45.0,9,413,554.96,42.11,25.9,82,73.2
P00565,2025-12-08,Factory A,Line D,Night,M118,Automatic,OP1054,Microwave,196,191,15,102.0,9,632,1902.62,356.64,26.0,81,96.9
P00566,2025-02-26,Factory A,Line A,Morning,M110,Semi-Automatic,OP1065,Refrigerator,379,378,24,87.0,9,353,1727.94,170.41,37.5,82,60.3
P00567,2025-05-25,Factory B,Line A,Afternoon,M116,Manual,OP1020,Air Conditioner,425,403,11,31.0,10,1085,376.05,137.0,32.0,77,92.8
P00568,2025-12-28,Factory A,Line B,Morning,M138,Manual,OP1082,Television,281,236,7,15.0,9,710,192.08,445.92,36.6,62,60.7
P00569,2025-01-27,Factory B,Line D,Night,M120,Manual,OP1082,Television,282,286,7,43.0,12,790,247.24,206.51,19.0,42,70.8
P00570,2025-12-31,Factory B,Line B,Afternoon,M104,Automatic,OP1006,Refrigerator,323,294,1,84.0,10,517,784.76,144.07,30.1,62,67.4
P00571,2025-06-21,Factory B,Line A,Morning,M101,Manual,OP1071,Television,431,400,21,46.0,10,1060,1969.14,249.77,25.4,76,71.0
P00572,2025-02-14,Factory A,Line B,Night,M139,Automatic,OP1006,Air Conditioner,479,445,12,24.0,12,401,279.71,257.3,24.9,81,79.0
P00573,2025-03-20,Factory A,Line B,Morning,M127,Manual,OP1092,Washing Machine,283,230,17,44.0,10,759,1611.68,74.91,26.7,65,76.8
P00574,2025-03-27,Factory C,Line C,Night,M109,Semi-Automatic,OP1006,Air Conditioner,437,450,3,101.0,9,1058,2054.88,235.39,28.6,67,98.9
P00575,2025-09-18,Factory B,Line D,Afternoon,M139,Semi-Automatic,OP1027,Television,264,223,0,20.0,9,906,1772.13,398.64,33.8,64,80.2
P00576,2025-06-05,Factory A,Line C,Night,M118,Manual,OP1016,Television,448,430,14,5.0,9,598,193.82,87.96,35.7,43,70.8
P00577,2025-04-18,Factory C,Line A,Morning,M123,Manual,OP1078,Washing Machine,206,190,10,10.0,10,1039,420.67,406.79,23.9,38,85.0
P00578,2025-04-23,Factory C,Line C,Morning,M117,Automatic,OP1069,Air Conditioner,185,155,1,92.0,12,969,717.63,291.15,30.1,48,92.7
P00579,2025-05-18,Factory A,Line D,Morning,M129,Automatic,OP1094,Microwave,292,266,11,18.0,12,395,1290.31,220.24,34.3,46,67.6
P00580,2025-11-28,Factory B,Line A,Afternoon,M111,Automatic,OP1051,Air Conditioner,431,423,12,8.0,9,373,1123.35,218.39,30.9,60,64.0
P00581,2025-01-07,Factory C,Line A,Afternoon,M125,Automatic,OP1015,Refrigerator,449,447,2,16.0,9,1088,300.63,85.62,30.5,35,91.7
P00582,2025-10-05,Factory C,Line C,Night,M106,Automatic,OP1018,Microwave,184,186,12,72.0,12,1135,491.55,166.0,21.1,38,81.7
P00583,2025-03-05,Factory A,Line A,Morning,M135,Semi-Automatic,OP1014,Air Conditioner,316,262,13,18.0,8,529,157.6,206.53,20.9,76,71.5
P00584,2025-09-09,Factory A,Line A,Morning,M107,Semi-Automatic,OP1046,Refrigerator,376,377,19,42.0,8,669,2315.97,415.95,35.9,73,66.0
P00585,2025-06-21,Factory C,Line B,Night,M128,Automatic,OP1086,Washing Machine,399,347,19,104.0,10,656,2200.97,140.21,28.0,58,97.3
P00586,2025-03-18,Factory C,Line B,Afternoon,M110,Semi-Automatic,OP1058,Microwave,219,234,2,14.0,12,1044,768.34,63.44,37.9,46,90.7
P00587,2025-09-11,Factory B,Line D,Night,M127,Manual,OP1082,Washing Machine,360,335,4,102.0,9,692,1104.78,236.27,28.7,69,81.4
P00588,2025-02-12,Factory C,Line D,Night,M137,Manual,OP1096,Television,297,263,2,30.0,10,302,587.87,386.5,25.2,65,98.3
P00589,2025-06-28,Factory B,Line B,Afternoon,M130,Automatic,OP1071,Microwave,236,244,7,26.0,9,357,1892.79,74.83,31.9,44,75.1
P00590,2025-07-10,Factory A,Line A,Night,M138,Automatic,OP1062,Air Conditioner,193,154,2,3.0,9,674,439.07,129.14,18.2,61,66.0
P00591,2025-03-13,Factory C,Line C,Afternoon,M127,Manual,OP1044,Microwave,273,228,0,36.0,8,459,244.0,298.04,30.1,46,80.1
P00592,2025-08-05,Factory C,Line D,Night,M117,Manual,OP1065,Washing Machine,185,150,11,29.0,12,460,752.39,64.07,25.6,43,89.7
P00593,2025-04-23,Factory B,Line B,Night,M136,Manual,OP1010,Microwave,385,393,30,40.0,12,1147,1013.13,48.24,25.4,62,67.8
P00594,2025-02-09,Factory B,Line C,Morning,M116,Semi-Automatic,OP1021,Air Conditioner,235,237,3,8.0,9,911,126.34,411.62,21.8,47,85.5
P00595,2025-05-18,Factory A,Line A,Night,M131,Automatic,OP1007,Washing Machine,196,181,1,120.0,10,308,2453.3,344.46,37.2,67,67.8
P00596,2025-03-08,Factory C,Line A,Afternoon,M127,Manual,OP1065,Refrigerator,380,350,16,103.0,9,324,1509.22,187.4,29.7,37,71.6
P00597,2025-02-10,Factory C,Line A,Night,M115,Automatic,OP1088,Television,257,213,5,64.0,10,758,1984.84,169.08,25.2,62,61.6
P00598,2025-04-17,Factory C,Line A,Morning,M137,Manual,OP1064,Refrigerator,378,363,25,1.0,9,1084,2189.1,257.53,37.4,85,95.8
P00599,2025-08-21,Factory B,Line B,Afternoon,M111,Automatic,OP1036,Air Conditioner,435,438,23,45.0,8,372,530.05,353.07,23.2,65,99.1
P00600,2025-03-05,Factory C,Line D,Morning,M124,Semi-Automatic,OP1052,Microwave,406,404,8,56.0,10,824,2127.61,429.62,25.5,78,76.5
P00601,2025-12-16,Factory A,Line A,Night,M116,Manual,OP1072,Refrigerator,410,392,9,109.0,8,597,1001.97,267.31,35.1,49,75.5
P00602,2025-06-28,Factory B,Line D,Night,M135,Semi-Automatic,OP1014,Refrigerator,416,420,11,93.0,8,706,1943.72,109.78,24.6,55,73.7
P00603,2025-04-19,Factory C,Line D,Morning,M118,Semi-Automatic,OP1005,Air Conditioner,489,442,9,60.0,9,955,612.33,266.49,37.8,84,75.2
P00604,2025-08-31,Factory A,Line A,Morning,M102,Manual,OP1055,Washing Machine,365,325,8,81.0,9,385,440.17,141.41,19.6,80,78.1
P00605,2025-04-20,Factory C,Line C,Morning,M104,Automatic,OP1055,Washing Machine,394,342,24,38.0,9,503,938.26,203.12,27.5,79,91.4
P00606,2025-12-21,Factory C,Line D,Morning,M136,Manual,OP1026,Refrigerator,403,373,23,85.0,9,631,1693.75,374.99,32.7,82,89.3
P00607,2025-08-23,Factory A,Line D,Afternoon,M108,Manual,OP1053,Washing Machine,187,183,8,92.0,8,761,2363.98,389.34,30.7,75,98.8
P00608,2025-04-22,Factory C,Line B,Afternoon,M135,Automatic,OP1077,Microwave,229,240,6,44.0,9,495,2432.19,270.16,18.3,58,60.6
P00609,2025-03-05,Factory C,Line D,Night,M130,Semi-Automatic,OP1053,Washing Machine,337,288,11,106.0,12,835,2437.77,167.73,36.5,64,77.1
P00610,2025-11-01,Factory A,Line D,Afternoon,M119,Manual,OP1089,Microwave,270,215,9,89.0,8,389,2034.26,69.12,31.0,74,97.3
P00611,2025-11-16,Factory C,Line A,Night,M129,Manual,OP1075,Refrigerator,233,185,10,37.0,12,516,634.91,218.22,25.6,47,94.3
P00612,2025-08-26,Factory B,Line D,Morning,M124,Automatic,OP1065,Washing Machine,243,214,8,112.0,10,614,2112.36,362.93,26.3,50,60.2
P00613,2025-01-08,Factory A,Line B,Afternoon,M134,Manual,OP1077,Washing Machine,392,403,21,21.0,12,547,1433.77,191.33,30.3,60,93.1
P00614,2025-03-07,Factory C,Line D,Night,M112,Semi-Automatic,OP1041,Air Conditioner,475,436,10,55.0,9,401,1804.06,78.69,20.4,71,91.4
P00615,2025-03-23,Factory B,Line B,Morning,M106,Automatic,OP1056,Refrigerator,313,258,20,98.0,9,328,1583.44,256.06,37.4,71,75.3
P00616,2025-11-21,Factory C,Line C,Morning,M116,Manual,OP1029,Washing Machine,246,203,6,68.0,9,1043,1972.07,359.07,33.4,77,62.1
P00617,2025-11-18,Factory A,Line A,Morning,M130,Manual,OP1016,Refrigerator,222,219,4,36.0,10,484,322.67,235.05,25.2,48,75.6
P00618,2025-07-31,Factory A,Line D,Night,M105,Automatic,OP1088,Microwave,431,444,24,113.0,10,948,2279.93,368.63,21.6,35,96.1
P00619,2025-03-02,Factory B,Line C,Afternoon,M140,Manual,OP1070,Refrigerator,470,481,10,66.0,10,424,562.83,37.56,18.5,67,90.4
P00620,2025-02-28,Factory A,Line A,Afternoon,M109,Automatic,OP1011,Television,290,259,8,35.0,12,504,2387.75,173.14,29.0,53,78.7
P00621,2025-09-20,Factory B,Line B,Afternoon,M112,Automatic,OP1088,Washing Machine,433,393,25,13.0,10,469,2005.84,430.35,27.8,63,76.9
P00622,2025-11-15,Factory A,Line D,Afternoon,M113,Manual,OP1046,Washing Machine,319,294,20,104.0,8,760,501.4,39.35,28.2,72,76.4
P00623,2025-06-30,Factory B,Line A,Morning,M112,Semi-Automatic,OP1055,Television,489,437,22,31.0,8,520,1676.69,183.08,33.6,42,60.4
P00624,2025-04-20,Factory B,Line C,Morning,M136,Automatic,OP1050,Washing Machine,185,158,9,27.0,9,405,1446.3,329.41,36.9,77,63.0
P00625,2025-06-12,Factory B,Line B,Morning,M104,Semi-Automatic,OP1064,Refrigerator,395,355,8,53.0,8,427,1186.68,280.61,29.8,50,83.1
P00626,2025-11-26,Factory C,Line A,Afternoon,M119,Automatic,OP1052,Refrigerator,325,338,17,117.0,8,645,1647.46,54.52,19.9,61,88.9
P00627,2025-06-27,Factory B,Line A,Night,M121,Semi-Automatic,OP1079,Refrigerator,320,295,12,38.0,12,805,2136.81,436.04,20.4,58,97.5
P00628,2025-04-25,Factory A,Line A,Morning,M107,Semi-Automatic,OP1089,Microwave,232,244,7,21.0,8,495,1837.86,370.22,34.3,69,99.6
P00629,2025-01-23,Factory A,Line A,Afternoon,M105,Semi-Automatic,OP1043,Air Conditioner,206,188,12,34.0,9,441,1500.29,75.96,24.4,44,90.1
P00630,2025-12-09,Factory A,Line B,Night,M131,Manual,OP1063,Washing Machine,391,349,10,98.0,12,531,320.32,350.64,32.2,57,82.3
P00631,2025-12-22,Factory A,Line A,Afternoon,M104,Automatic,OP1002,Television,304,293,14,104.0,12,492,1270.35,169.69,34.3,83,81.1
P00632,2025-12-29,Factory B,Line B,Night,M107,Automatic,OP1029,Washing Machine,340,316,12,57.0,9,1098,1060.49,54.17,26.5,78,72.3
P00633,2025-03-17,Factory B,Line A,Night,M108,Automatic,OP1003,Microwave,475,477,11,34.0,8,787,1688.53,217.37,23.3,70,63.4
P00634,2025-03-19,Factory B,Line D,Night,M122,Automatic,OP1057,Washing Machine,400,388,23,12.0,8,964,1018.05,419.41,21.9,47,76.1
P00635,2025-09-29,Factory C,Line D,Night,M128,Automatic,OP1088,Refrigerator,484,464,15,14.0,9,417,227.53,40.17,23.3,39,81.3
P00636,2025-11-14,Factory C,Line D,Afternoon,M126,Automatic,OP1029,Washing Machine,321,308,15,26.0,9,1104,588.58,295.68,32.1,53,89.4
P00637,2025-09-15,Factory C,Line D,Night,M120,Manual,OP1031,Television,228,220,10,87.0,8,470,549.63,407.44,20.8,35,86.6
P00638,2025-01-11,Factory A,Line C,Morning,M111,Manual,OP1098,Refrigerator,399,372,19,45.0,12,897,102.42,396.12,27.5,37,92.8
P00639,2025-04-27,Factory C,Line B,Morning,M107,Automatic,OP1039,Washing Machine,470,448,28,62.0,10,858,717.61,231.76,25.3,35,93.1
P00640,2025-09-23,Factory C,Line D,Morning,M118,Manual,OP1067,Refrigerator,334,307,4,52.0,9,975,2485.81,176.81,18.6,71,89.6
P00641,2025-04-16,Factory C,Line A,Morning,M125,Manual,OP1014,Washing Machine,400,369,28,80.0,12,1197,1364.58,137.76,31.6,56,75.6
P00642,2025-06-08,Factory A,Line A,Night,M134,Manual,OP1044,Air Conditioner,393,373,3,55.0,12,880,2423.57,361.74,23.8,35,80.0
P00643,2025-12-15,Factory A,Line C,Night,M136,Manual,OP1021,Washing Machine,255,211,15,36.0,8,1118,807.34,217.89,22.3,72,64.9
P00644,2025-01-03,Factory B,Line C,Night,M101,Automatic,OP1033,Television,430,406,22,112.0,10,1104,2161.63,307.76,33.4,44,98.1
P00645,2025-04-11,Factory B,Line A,Afternoon,M115,Automatic,OP1061,Washing Machine,318,315,7,103.0,12,732,1057.87,409.27,35.9,54,83.9
P00646,2025-08-12,Factory C,Line C,Night,M109,Manual,OP1099,Television,268,211,8,17.0,12,867,578.86,154.62,23.9,75,78.4
P00647,2025-08-12,Factory A,Line B,Night,M129,Manual,OP1041,Air Conditioner,273,240,11,59.0,10,737,1219.73,433.61,27.2,70,61.1
P00648,2025-03-13,Factory C,Line C,Morning,M138,Manual,OP1048,Television,395,399,18,6.0,12,428,1067.06,27.53,34.1,68,78.4
P00649,2025-01-29,Factory B,Line A,Afternoon,M139,Automatic,OP1038,Air Conditioner,207,212,15,88.0,10,1185,246.08,339.7,31.5,82,88.7
P00650,2025-03-15,Factory C,Line D,Morning,M115,Manual,OP1082,Television,284,233,9,80.0,10,1036,2473.98,27.74,27.7,79,68.0
P00651,2025-03-20,Factory C,Line A,Night,M107,Automatic,OP1027,Refrigerator,214,229,15,3.0,12,700,233.57,76.77,26.1,46,92.8
P00652,2025-11-10,Factory C,Line D,Night,M140,Automatic,OP1056,Television,459,441,1,23.0,9,1138,1887.04,127.29,28.2,79,81.9
P00653,2025-05-29,Factory B,Line A,Night,M132,Semi-Automatic,OP1086,Washing Machine,423,377,12,49.0,8,775,1100.55,205.55,18.6,64,64.8
P00654,2025-10-25,Factory B,Line A,Night,M140,Semi-Automatic,OP1006,Washing Machine,379,393,8,59.0,12,583,121.89,92.28,28.0,67,68.4
P00655,2025-09-20,Factory A,Line B,Night,M110,Semi-Automatic,OP1084,Air Conditioner,448,414,21,58.0,9,585,1983.91,304.84,36.5,39,96.6
P00656,2025-08-30,Factory C,Line B,Night,M133,Manual,OP1068,Washing Machine,427,394,8,89.0,10,902,2392.47,172.94,30.3,60,62.7
P00657,2025-04-29,Factory A,Line A,Afternoon,M131,Semi-Automatic,OP1098,Television,195,190,7,13.0,9,1045,2241.93,346.22,26.4,39,62.5
P00658,2025-01-20,Factory C,Line A,Afternoon,M124,Manual,OP1081,Refrigerator,308,309,5,41.0,8,1015,1178.82,81.62,30.7,70,68.0
P00659,2025-08-13,Factory C,Line C,Morning,M113,Manual,OP1021,Microwave,309,262,16,103.0,9,388,1497.06,292.37,31.4,48,61.3
P00660,2025-07-04,Factory B,Line A,Afternoon,M112,Manual,OP1094,Air Conditioner,251,266,15,24.0,9,884,2086.18,237.86,25.1,70,94.1
P00661,2025-08-07,Factory C,Line D,Morning,M137,Automatic,OP1017,Air Conditioner,214,173,4,12.0,8,810,653.38,280.63,24.6,49,92.9
P00662,2025-07-19,Factory C,Line C,Morning,M111,Semi-Automatic,OP1010,Air Conditioner,328,311,18,30.0,10,708,1584.75,257.03,35.8,72,78.8
P00663,2025-01-17,Factory B,Line D,Afternoon,M113,Semi-Automatic,OP1098,Refrigerator,314,326,4,26.0,10,1075,1692.01,398.26,22.7,39,92.2
P00664,2025-06-27,Factory A,Line D,Night,M140,Automatic,OP1071,Microwave,468,479,8,34.0,8,406,185.44,240.73,31.0,62,79.1
P00665,2025-01-29,Factory A,Line B,Night,M139,Semi-Automatic,OP1088,Refrigerator,296,309,17,61.0,8,696,1937.64,320.56,26.6,62,82.0
P00666,2025-03-02,Factory C,Line C,Afternoon,M113,Semi-Automatic,OP1056,Refrigerator,239,198,7,29.0,8,902,124.12,200.55,33.1,85,81.4
P00667,2025-05-08,Factory A,Line A,Morning,M109,Semi-Automatic,OP1024,Washing Machine,203,217,1,40.0,10,916,1672.5,128.8,23.8,73,75.9
P00668,2025-02-09,Factory B,Line B,Afternoon,M123,Automatic,OP1057,Washing Machine,242,248,11,99.0,10,1189,1668.75,248.91,23.4,79,81.7
P00669,2025-06-27,Factory B,Line D,Afternoon,M106,Automatic,OP1018,Air Conditioner,233,242,7,39.0,9,425,993.74,371.96,20.8,50,87.9
P00670,2025-01-11,Factory B,Line A,Afternoon,M118,Manual,OP1050,Washing Machine,412,413,5,7.0,10,1175,1563.39,235.53,35.3,59,77.8
P00671,2025-07-14,Factory A,Line D,Night,M104,Manual,OP1040,Refrigerator,294,283,17,97.0,10,326,2284.13,345.65,24.7,51,92.4
P00672,2025-01-15,Factory B,Line D,Afternoon,M104,Automatic,OP1071,Microwave,482,470,18,109.0,12,734,1474.25,266.53,28.4,45,98.4
P00673,2025-03-09,Factory A,Line C,Night,M118,Automatic,OP1032,Air Conditioner,419,404,18,43.0,12,339,1577.31,178.72,31.2,85,86.1
P00674,2025-03-05,Factory B,Line C,Afternoon,M112,Semi-Automatic,OP1060,Refrigerator,491,505,28,1.0,12,337,2418.13,229.09,34.9,48,76.3
P00675,2025-05-22,Factory C,Line C,Morning,M129,Automatic,OP1034,Washing Machine,476,481,16,111.0,12,430,645.81,99.16,35.4,76,62.0
P00676,2025-04-05,Factory C,Line D,Night,M121,Automatic,OP1071,Television,238,249,1,91.0,10,563,138.68,384.1,35.0,69,88.7
P00677,2025-06-29,Factory A,Line A,Night,M129,Automatic,OP1066,Refrigerator,487,472,15,26.0,10,884,991.26,374.64,26.3,76,77.1
P00678,2025-01-13,Factory B,Line C,Afternoon,M127,Manual,OP1048,Microwave,324,321,9,79.0,8,464,983.92,148.62,21.0,72,61.0
P00679,2025-06-10,Factory C,Line C,Morning,M125,Manual,OP1005,Television,491,479,24,97.0,8,379,2400.7,446.74,29.3,71,85.2
P00680,2025-03-04,Factory C,Line A,Night,M131,Manual,OP1068,Air Conditioner,394,341,14,40.0,10,499,2106.42,149.55,22.9,50,92.0
P00681,2025-08-22,Factory B,Line A,Night,M116,Semi-Automatic,OP1094,Microwave,365,351,11,10.0,10,873,1313.54,413.72,31.1,73,69.2
P00682,2025-10-19,Factory A,Line B,Afternoon,M138,Manual,OP1018,Air Conditioner,394,380,8,101.0,10,649,853.23,59.64,26.4,44,83.0
P00683,2025-08-21,Factory A,Line B,Morning,M127,Semi-Automatic,OP1098,Air Conditioner,281,273,15,95.0,8,429,2186.7,379.39,18.5,45,99.6
P00684,2025-09-29,Factory B,Line D,Afternoon,M109,Semi-Automatic,OP1090,Air Conditioner,247,197,7,91.0,10,421,908.34,375.5,24.7,73,84.7
P00685,2025-07-01,Factory B,Line D,Night,M129,Manual,OP1056,Washing Machine,203,209,15,89.0,9,1051,540.28,350.53,36.3,67,63.4
P00686,2025-10-31,Factory B,Line D,Afternoon,M121,Semi-Automatic,OP1023,Air Conditioner,183,123,9,35.0,8,537,813.64,169.97,29.3,68,83.2
P00687,2025-06-15,Factory B,Line C,Morning,M110,Automatic,OP1095,Television,398,377,13,66.0,10,888,2211.0,158.61,24.9,45,64.7
P00688,2025-08-13,Factory A,Line B,Afternoon,M117,Manual,OP1097,Refrigerator,320,273,7,85.0,10,444,330.34,259.67,28.2,45,61.1
P00689,2025-10-03,Factory A,Line A,Afternoon,M102,Semi-Automatic,OP1027,Washing Machine,200,146,9,54.0,12,833,402.83,217.89,36.4,80,88.3
P00690,2025-08-10,Factory B,Line C,Morning,M109,Semi-Automatic,OP1094,Refrigerator,241,200,11,102.0,8,1062,2003.97,334.13,24.5,67,73.4
P00691,2025-12-11,Factory A,Line C,Morning,M128,Automatic,OP1091,Air Conditioner,412,362,10,24.0,8,949,1605.48,129.51,29.7,49,86.9
P00692,2025-03-19,Factory B,Line B,Night,M132,Semi-Automatic,OP1017,Television,315,270,20,112.0,8,828,2157.18,343.51,18.1,39,79.6
P00693,2025-12-30,Factory A,Line A,Afternoon,M117,Manual,OP1049,Air Conditioner,492,481,15,81.0,10,795,1373.11,430.59,35.6,49,95.0
P00694,2025-11-19,Factory B,Line C,Night,M131,Semi-Automatic,OP1013,Television,428,381,3,112.0,10,729,2426.47,163.29,31.2,42,67.0
P00695,2025-06-27,Factory C,Line D,Night,M109,Semi-Automatic,OP1063,Air Conditioner,343,344,13,87.0,9,329,798.23,240.68,35.8,85,76.4
P00696,2025-05-14,Factory C,Line C,Afternoon,M126,Semi-Automatic,OP1055,Microwave,467,441,16,116.0,8,574,1265.21,118.05,30.7,37,72.3
P00697,2025-10-21,Factory A,Line B,Night,M108,Manual,OP1079,Washing Machine,389,376,4,77.0,8,1039,150.68,186.15,33.6,56,96.5
P00698,2025-12-02,Factory A,Line B,Afternoon,M135,Automatic,OP1021,Air Conditioner,463,470,25,110.0,9,597,2023.08,412.03,24.6,48,82.1
P00699,2025-01-19,Factory A,Line A,Night,M126,Semi-Automatic,OP1006,Television,307,321,9,38.0,8,535,1615.73,317.43,18.7,82,64.9
P00700,2025-03-09,Factory C,Line C,Morning,M105,Automatic,OP1065,Microwave,373,337,0,1.0,9,397,1866.1,361.86,21.9,73,94.4
P00701,2025-09-20,Factory C,Line A,Afternoon,M118,Semi-Automatic,OP1026,Refrigerator,345,306,8,83.0,12,685,798.97,64.55,37.3,70,71.1
P00702,2025-09-17,Factory A,Line D,Morning,M132,Manual,OP1051,Washing Machine,325,272,17,91.0,8,763,637.75,439.46,25.9,49,77.9
P00703,2025-02-25,Factory C,Line C,Afternoon,M110,Manual,OP1011,Refrigerator,424,367,17,21.0,9,1185,2361.02,277.2,19.7,60,84.7
P00704,2025-10-18,Factory A,Line A,Afternoon,M117,Semi-Automatic,OP1040,Washing Machine,422,371,26,19.0,8,629,1753.59,279.46,35.4,52,87.6
P00705,2025-10-07,Factory B,Line C,Night,M116,Semi-Automatic,OP1060,Microwave,467,420,32,71.0,8,407,1121.68,57.94,20.5,35,66.5
P00706,2025-04-12,Factory B,Line A,Morning,M128,Semi-Automatic,OP1022,Air Conditioner,242,236,15,17.0,12,708,122.22,74.97,37.9,81,96.9
P00707,2025-06-15,Factory C,Line C,Night,M111,Automatic,OP1038,Air Conditioner,318,267,21,26.0,10,831,1550.84,225.65,22.2,56,97.1
P00708,2025-09-26,Factory C,Line D,Morning,M121,Semi-Automatic,OP1023,Television,249,243,15,8.0,8,619,1783.52,109.69,19.9,64,73.2
P00709,2025-11-01,Factory A,Line A,Afternoon,M136,Automatic,OP1045,Refrigerator,211,167,3,35.0,10,1140,2287.63,206.12,32.6,58,85.0
P00710,2025-10-15,Factory C,Line B,Morning,M138,Automatic,OP1014,Television,386,369,8,22.0,10,877,345.57,363.68,29.7,84,75.3
P00711,2025-11-06,Factory B,Line D,Morning,M111,Automatic,OP1030,Television,474,414,5,118.0,9,446,495.56,396.71,24.5,38,65.5
P00712,2025-12-07,Factory B,Line C,Afternoon,M133,Automatic,OP1031,Air Conditioner,405,366,12,48.0,12,1023,1238.75,157.5,28.4,68,63.1
P00713,2025-03-27,Factory C,Line C,Night,M110,Semi-Automatic,OP1072,Microwave,489,477,31,88.0,10,1001,388.58,407.4,31.0,46,61.0
P00714,2025-12-10,Factory B,Line D,Morning,M140,Manual,OP1025,Microwave,367,323,11,22.0,8,500,1160.99,248.55,18.1,54,73.1
P00715,2025-09-15,Factory A,Line C,Morning,M118,Manual,OP1062,Microwave,368,351,1,89.0,10,580,1600.65,437.73,34.5,80,97.1
P00716,2025-09-09,Factory A,Line D,Night,M135,Automatic,OP1005,Washing Machine,491,448,1,78.0,9,1022,1866.87,395.14,20.6,61,93.4
P00717,2025-08-16,Factory C,Line A,Afternoon,M107,Manual,OP1036,Television,241,249,19,94.0,8,640,2109.46,385.5,24.3,80,66.8
P00718,2025-09-22,Factory A,Line D,Afternoon,M104,Automatic,OP1025,Air Conditioner,480,449,9,93.0,10,385,514.2,43.92,30.2,79,80.2
P00719,2025-06-09,Factory B,Line C,Morning,M122,Semi-Automatic,OP1073,Refrigerator,268,283,18,119.0,12,390,379.03,63.49,32.6,46,72.7
P00720,2025-03-28,Factory A,Line B,Night,M124,Semi-Automatic,OP1011,Television,500,513,19,107.0,9,1065,1914.0,81.41,19.1,80,71.5
P00721,2025-10-17,Factory B,Line D,Morning,M113,Semi-Automatic,OP1026,Television,322,320,9,33.0,12,570,321.79,175.94,25.3,84,85.7
P00722,2025-01-19,Factory C,Line D,Morning,M135,Manual,OP1027,Microwave,410,404,22,82.0,10,512,921.23,436.61,29.0,82,91.8
P00723,2025-04-18,Factory B,Line B,Afternoon,M117,Automatic,OP1015,Air Conditioner,226,176,10,80.0,9,786,435.56,274.4,25.4,59,86.3
P00724,2025-12-26,Factory A,Line C,Morning,M111,Semi-Automatic,OP1061,Washing Machine,197,171,5,82.0,8,491,2291.56,155.17,27.3,46,90.1
P00725,2025-10-31,Factory C,Line D,Night,M126,Semi-Automatic,OP1032,Washing Machine,404,361,23,47.0,10,794,1728.53,152.57,37.4,49,90.5
P00726,2025-08-04,Factory B,Line C,Night,M126,Manual,OP1004,Television,439,441,32,21.0,10,911,2416.57,425.71,22.0,71,90.1
P00727,2025-01-28,Factory A,Line C,Morning,M123,Semi-Automatic,OP1051,Television,246,219,14,0.0,9,505,2219.09,153.04,19.6,50,94.3
P00728,2025-05-06,Factory A,Line C,Morning,M131,Automatic,OP1045,Refrigerator,403,407,30,70.0,12,1015,609.98,225.73,25.5,64,88.2
P00729,2025-03-07,Factory B,Line B,Afternoon,M121,Semi-Automatic,OP1087,Microwave,229,195,12,68.0,8,655,1271.94,339.68,29.7,49,95.4
P00730,2025-07-08,Factory B,Line C,Night,M101,Manual,OP1077,Microwave,271,256,2,82.0,9,441,1299.88,43.81,24.0,40,73.6
P00731,2025-03-19,Factory B,Line C,Afternoon,M131,Automatic,OP1034,Microwave,272,233,5,20.0,12,998,1341.64,70.23,34.1,57,87.4
P00732,2025-01-07,Factory A,Line C,Morning,M137,Manual,OP1050,Microwave,231,195,0,62.0,12,732,1951.26,153.76,23.2,75,64.6
P00733,2025-07-10,Factory B,Line C,Night,M124,Automatic,OP1023,Microwave,410,361,17,97.0,12,1191,1719.33,88.91,24.7,80,83.6
P00734,2025-11-11,Factory C,Line D,Afternoon,M104,Semi-Automatic,OP1037,Refrigerator,281,231,3,111.0,12,771,981.05,402.9,31.7,51,77.0
P00735,2025-10-05,Factory B,Line B,Afternoon,M123,Semi-Automatic,OP1003,Microwave,331,343,10,38.0,8,910,368.04,336.06,28.6,60,69.9
P00736,2025-02-18,Factory A,Line B,Night,M132,Semi-Automatic,OP1036,Washing Machine,223,170,7,88.0,9,1145,2268.59,421.21,34.4,71,78.3
P00737,2025-07-10,Factory A,Line B,Night,M107,Semi-Automatic,OP1066,Refrigerator,219,193,10,118.0,10,732,1061.78,103.17,32.9,81,86.1
P00738,2025-03-01,Factory A,Line C,Afternoon,M140,Manual,OP1070,Television,220,180,11,102.0,8,683,1476.01,116.46,36.7,52,89.9
P00739,2025-09-14,Factory C,Line A,Night,M126,Automatic,OP1087,Washing Machine,275,255,8,0.0,12,512,144.93,201.09,20.6,52,78.5
P00740,2025-04-24,Factory A,Line A,Night,M121,Automatic,OP1009,Air Conditioner,342,345,9,93.0,12,902,1109.84,277.97,28.8,65,97.2
P00741,2025-06-24,Factory B,Line C,Afternoon,M110,Semi-Automatic,OP1096,Microwave,186,158,3,68.0,9,989,1036.15,196.25,31.2,71,98.7
P00742,2025-06-26,Factory A,Line B,Night,M134,Semi-Automatic,OP1039,Washing Machine,429,373,24,40.0,12,990,1221.71,91.26,29.7,74,74.1
P00743,2025-01-12,Factory B,Line D,Morning,M125,Manual,OP1017,Microwave,400,362,19,108.0,8,399,1049.8,114.8,20.2,53,67.1
P00744,2025-10-09,Factory B,Line C,Morning,M127,Manual,OP1036,Washing Machine,261,225,11,80.0,8,980,2223.42,433.1,33.2,55,80.1
P00745,2025-04-26,Factory B,Line D,Afternoon,M119,Semi-Automatic,OP1021,Television,452,417,25,36.0,8,845,2091.68,349.25,31.1,78,96.3
P00746,2025-12-01,Factory B,Line D,Afternoon,M113,Manual,OP1004,Air Conditioner,376,317,7,17.0,8,913,1469.4,198.73,18.5,74,70.0
P00747,2025-12-17,Factory A,Line C,Morning,M139,Manual,OP1050,Air Conditioner,471,426,32,110.0,9,1170,2291.7,219.55,32.5,50,67.0
P00748,2025-03-09,Factory B,Line A,Morning,M114,Manual,OP1060,Microwave,282,256,7,87.0,12,547,2012.21,438.44,28.0,42,92.1
P00749,2025-05-06,Factory B,Line A,Morning,M103,Manual,OP1087,Microwave,349,344,27,66.0,12,1182,1024.76,357.79,37.2,80,81.5
P00750,2025-01-13,Factory B,Line D,Night,M104,Semi-Automatic,OP1051,Refrigerator,490,437,23,51.0,12,738,1989.82,69.04,34.9,83,93.0
P00751,2025-07-07,Factory B,Line C,Morning,M116,Semi-Automatic,OP1027,Washing Machine,237,231,3,42.0,8,769,2258.07,233.92,22.9,51,73.7
P00752,2025-08-19,Factory C,Line C,Night,M118,Manual,OP1005,Television,407,380,4,66.0,10,326,630.45,182.61,25.3,53,72.3
P00753,2025-11-21,Factory B,Line D,Night,M129,Manual,OP1038,Television,261,204,4,18.0,10,1179,1022.14,295.62,18.6,48,83.3
P00754,2025-01-07,Factory B,Line C,Night,M133,Manual,OP1067,Microwave,255,196,15,79.0,9,652,1645.24,274.53,28.0,68,75.0
P00755,2025-09-26,Factory B,Line B,Afternoon,M125,Automatic,OP1086,Refrigerator,428,422,21,28.0,10,511,638.34,143.28,33.6,85,64.8
P00756,2025-09-13,Factory B,Line A,Night,M134,Automatic,OP1095,Television,280,250,11,85.0,8,708,1603.36,429.61,28.1,52,82.1
P00757,2025-02-10,Factory A,Line D,Night,M134,Automatic,OP1032,Washing Machine,453,400,11,88.0,9,533,1755.13,218.83,18.8,73,70.6
P00758,2025-04-08,Factory C,Line A,Morning,M134,Semi-Automatic,OP1008,Television,322,326,7,31.0,12,775,335.85,399.7,19.0,85,85.4
P00759,2025-03-01,Factory B,Line A,Afternoon,M113,Automatic,OP1070,Air Conditioner,280,234,6,76.0,12,607,1466.39,272.23,35.2,42,88.8
P00760,2025-10-29,Factory C,Line D,Morning,M117,Semi-Automatic,OP1077,Washing Machine,406,397,31,80.0,9,636,1317.5,243.54,37.0,54,70.6
P00761,2025-06-24,Factory B,Line C,Night,M129,Automatic,OP1097,Television,452,436,31,0.0,10,821,1229.22,94.33,19.3,62,86.9
P00762,2025-06-25,Factory C,Line B,Morning,M107,Automatic,OP1028,Washing Machine,228,187,8,39.0,10,1084,1372.96,68.74,24.0,74,68.4
P00763,2025-03-22,Factory A,Line D,Morning,M111,Manual,OP1085,Television,259,233,10,66.0,12,969,1528.55,202.19,32.5,49,97.3
P00764,2025-07-09,Factory A,Line C,Afternoon,M123,Manual,OP1041,Microwave,421,398,19,54.0,12,1080,1101.1,348.94,26.1,61,74.1
P00765,2025-05-21,Factory A,Line B,Morning,M117,Semi-Automatic,OP1048,Refrigerator,251,208,10,54.0,12,633,1439.36,339.08,33.9,74,80.1
P00766,2025-02-08,Factory A,Line B,Afternoon,M131,Manual,OP1076,Microwave,320,322,1,99.0,12,1004,2403.36,325.26,23.0,73,83.4
P00767,2025-01-29,Factory C,Line C,Afternoon,M135,Semi-Automatic,OP1057,Washing Machine,210,213,3,60.0,9,1067,277.57,440.3,32.6,44,95.0
P00768,2025-10-21,Factory A,Line A,Afternoon,M116,Semi-Automatic,OP1074,Air Conditioner,481,458,16,71.0,10,1006,152.44,353.14,19.4,85,88.0
P00769,2025-08-17,Factory C,Line B,Morning,M121,Semi-Automatic,OP1030,Microwave,340,309,11,42.0,9,993,2431.45,135.09,30.1,36,65.6
P00770,2025-07-22,Factory B,Line A,Night,M104,Manual,OP1048,Refrigerator,390,351,18,55.0,8,816,2195.39,164.0,28.8,53,83.0
P00771,2025-10-17,Factory A,Line A,Night,M111,Manual,OP1012,Air Conditioner,214,220,14,78.0,9,1069,275.4,315.68,34.4,64,78.1
P00772,2025-02-07,Factory A,Line C,Afternoon,M134,Manual,OP1095,Microwave,257,230,0,51.0,10,306,1596.86,190.73,18.2,55,77.1
P00773,2025-10-27,Factory C,Line C,Night,M130,Manual,OP1086,Television,312,299,18,118.0,10,1032,2181.38,89.86,33.5,48,72.3
P00774,2025-10-01,Factory C,Line A,Morning,M135,Semi-Automatic,OP1009,Washing Machine,231,243,10,118.0,9,973,601.14,153.75,26.5,52,69.3
P00775,2025-01-14,Factory A,Line D,Morning,M125,Automatic,OP1057,Television,291,261,12,6.0,12,749,1058.03,112.39,25.6,42,63.7
P00776,2025-10-24,Factory C,Line A,Morning,M114,Automatic,OP1063,Air Conditioner,269,220,11,95.0,10,725,558.35,443.69,34.0,58,79.1
P00777,2025-08-22,Factory A,Line A,Afternoon,M127,Semi-Automatic,OP1013,Washing Machine,440,441,23,39.0,8,744,2370.26,302.1,22.6,79,63.4
P00778,2025-01-09,Factory B,Line C,Morning,M110,Automatic,OP1023,Air Conditioner,379,334,0,16.0,9,443,1768.17,348.97,19.2,48,94.7
P00779,2025-11-13,Factory B,Line B,Afternoon,M112,Automatic,OP1067,Television,330,298,23,,9,673,2209.79,71.49,21.2,66,
P00780,2025-05-16,Factory C,Line C,Morning,M102,Semi-Automatic,OP1004,Microwave,386,354,1,94.0,9,717,211.6,185.24,30.0,68,66.8
P00781,2025-06-28,Factory A,Line A,Afternoon,M105,Automatic,OP1061,Microwave,231,245,13,109.0,12,437,2156.6,369.01,18.0,65,78.8
P00782,2025-06-15,Factory C,Line C,Night,M107,Semi-Automatic,OP1064,Air Conditioner,311,310,6,16.0,9,827,411.54,425.47,22.5,40,89.7
P00783,2025-11-11,Factory A,Line B,Morning,M117,Automatic,OP1094,Washing Machine,386,365,10,90.0,12,984,1517.88,244.68,37.8,52,90.4
P00784,2025-08-05,Factory B,Line B,Night,M103,Manual,OP1050,Refrigerator,247,221,6,23.0,8,446,1623.11,380.04,22.8,60,72.9
P00785,2025-09-05,Factory B,Line B,Night,M137,Semi-Automatic,OP1058,Television,472,426,29,79.0,10,858,1155.67,341.61,31.1,67,97.0
P00786,2025-05-11,Factory B,Line D,Night,M130,Manual,OP1013,Washing Machine,352,344,24,66.0,10,364,1976.69,206.27,18.5,69,65.0
P00787,2025-02-26,Factory A,Line C,Morning,M123,Semi-Automatic,OP1058,Microwave,296,253,17,120.0,8,1187,2432.03,102.61,34.4,67,67.8
P00788,2025-04-12,Factory C,Line C,Night,M139,Automatic,OP1073,Air Conditioner,293,306,16,6.0,10,852,653.02,427.54,28.6,58,66.3
P00789,2025-03-19,Factory C,Line D,Morning,M118,Automatic,OP1052,Washing Machine,264,251,12,115.0,12,787,1223.21,82.85,36.8,35,63.0
P00790,2025-04-17,Factory C,Line A,Morning,M127,Automatic,OP1019,Microwave,464,440,10,97.0,9,700,1987.15,299.59,25.8,47,69.9
P00791,2025-04-26,Factory B,Line B,Afternoon,M108,Manual,OP1095,Air Conditioner,359,365,21,19.0,9,754,441.78,142.07,24.5,75,64.7
P00792,2025-02-22,Factory C,Line D,Morning,M129,Semi-Automatic,OP1016,Air Conditioner,339,287,19,58.0,9,372,2212.54,345.56,32.4,52,98.0
P00793,2025-05-11,Factory A,Line D,Afternoon,M138,Automatic,OP1091,Microwave,200,167,12,37.0,9,835,347.32,448.98,30.1,73,94.6
P00794,2025-12-26,Factory B,Line D,Morning,M107,Semi-Automatic,OP1093,Washing Machine,303,255,8,81.0,10,729,1700.75,131.78,25.1,35,64.0
P00795,2025-10-27,Factory B,Line B,Night,M128,Manual,OP1035,Refrigerator,428,412,31,71.0,12,921,1345.52,418.23,25.7,73,64.3
P00796,2025-02-18,Factory A,Line B,Afternoon,M138,Manual,OP1091,Air Conditioner,230,172,6,104.0,12,1035,1886.34,172.6,33.8,64,82.9
P00797,2025-07-24,Factory C,Line D,Night,M102,Automatic,OP1073,Television,447,458,1,80.0,10,401,801.46,200.16,18.6,64,94.0
P00798,2025-12-16,Factory B,Line C,Morning,M118,Semi-Automatic,OP1007,Washing Machine,309,279,14,89.0,10,1087,2004.74,113.99,33.4,70,85.9
P00799,2025-03-30,Factory B,Line A,Afternoon,M123,Manual,OP1069,Television,385,356,10,106.0,10,403,2294.01,63.43,26.1,74,79.9
P00800,2025-04-14,Factory B,Line D,Afternoon,M122,Semi-Automatic,OP1047,Television,275,242,5,41.0,8,414,555.5,156.97,28.1,76,82.4
P00801,2025-04-02,Factory B,Line A,Morning,M106,Automatic,OP1092,Air Conditioner,466,413,25,109.0,10,449,1818.13,251.45,25.9,59,64.1
P00802,2025-02-12,Factory B,Line B,Afternoon,M103,Automatic,OP1071,Television,330,273,21,35.0,8,806,638.72,320.41,22.4,49,77.6
P00803,2025-01-07,Factory B,Line B,Morning,M140,Semi-Automatic,OP1057,Microwave,290,287,17,,9,722,546.54,245.39,26.0,71,
P00804,2025-12-28,Factory B,Line C,Afternoon,M124,Semi-Automatic,OP1031,Washing Machine,378,360,17,45.0,8,1009,422.78,390.48,37.7,50,91.8
P00805,2025-02-19,Factory C,Line D,Night,M121,Automatic,OP1078,Television,476,475,22,91.0,9,776,745.92,380.56,27.2,63,79.9
P00806,2025-03-29,Factory A,Line D,Night,M104,Semi-Automatic,OP1062,Television,403,410,4,87.0,10,366,2391.36,142.34,23.0,81,61.1
P00807,2025-08-09,Factory C,Line B,Afternoon,M114,Manual,OP1058,Washing Machine,486,439,34,89.0,10,638,658.15,364.33,28.2,61,65.8
P00808,2025-06-11,Factory A,Line A,Night,M123,Manual,OP1016,Refrigerator,456,396,4,67.0,12,1047,486.9,107.71,37.6,84,90.4
P00809,2025-01-16,Factory C,Line D,Night,M108,Semi-Automatic,OP1012,Refrigerator,271,263,12,73.0,12,1124,1078.18,320.98,20.8,56,67.3
P00810,2025-04-01,Factory C,Line D,Afternoon,M132,Automatic,OP1024,Washing Machine,339,309,12,25.0,9,659,2465.53,294.03,24.8,83,63.8
P00811,2025-11-07,Factory A,Line A,Night,M124,Automatic,OP1022,Refrigerator,311,324,16,1.0,8,634,1023.41,36.75,36.1,71,75.0
P00812,2025-04-07,Factory C,Line D,Morning,M135,Automatic,OP1045,Refrigerator,215,208,4,76.0,10,887,524.63,212.3,34.9,84,67.1
P00813,2025-01-16,Factory C,Line A,Night,M108,Semi-Automatic,OP1038,Refrigerator,256,215,11,,9,904,1344.37,407.6,28.0,73,
P00814,2025-08-21,Factory C,Line D,Afternoon,M108,Manual,OP1071,Refrigerator,493,465,21,31.0,10,444,674.68,372.47,21.8,60,61.7
P00815,2025-12-04,Factory C,Line A,Night,M106,Manual,OP1084,Washing Machine,210,164,8,72.0,12,1075,1411.31,110.4,24.4,63,90.5
P00816,2025-07-26,Factory B,Line D,Morning,M132,Automatic,OP1063,Refrigerator,329,290,10,71.0,12,924,1033.14,236.49,33.7,53,90.8
P00817,2025-01-22,Factory A,Line A,Afternoon,M138,Manual,OP1074,Air Conditioner,208,156,2,82.0,10,1056,215.09,36.88,37.3,59,67.5
P00818,2025-12-17,Factory B,Line B,Night,M124,Manual,OP1090,Refrigerator,455,464,13,12.0,12,490,2241.65,327.77,19.5,48,79.8
P00819,2025-01-24,Factory B,Line B,Night,M108,Semi-Automatic,OP1001,Television,472,486,21,22.0,12,1146,648.09,414.97,26.0,44,65.7
P00820,2025-08-05,Factory C,Line C,Morning,M118,Semi-Automatic,OP1089,Refrigerator,306,288,13,105.0,12,686,767.41,407.96,34.3,66,70.1
P00821,2025-01-22,Factory C,Line D,Morning,M115,Automatic,OP1082,Refrigerator,185,150,1,20.0,12,368,540.06,164.14,36.9,51,98.2
P00822,2025-10-02,Factory B,Line C,Night,M117,Automatic,OP1098,Refrigerator,383,362,12,105.0,9,388,1431.4,236.64,20.5,37,78.8
P00823,2025-04-28,Factory A,Line D,Morning,M106,Manual,OP1009,Television,235,236,13,78.0,10,748,1872.03,212.86,33.4,77,97.3
P00824,2025-06-12,Factory A,Line A,Morning,M122,Semi-Automatic,OP1023,Washing Machine,276,265,14,25.0,8,700,1012.08,427.4,28.1,49,67.4
P00825,2025-12-03,Factory C,Line D,Morning,M129,Automatic,OP1032,Air Conditioner,279,252,16,36.0,9,446,1413.1,159.96,20.2,39,76.4
P00826,2025-11-13,Factory C,Line B,Night,M121,Semi-Automatic,OP1005,Television,453,466,6,87.0,9,306,1014.91,264.15,34.3,84,82.7
P00827,2025-10-16,Factory C,Line A,Morning,M131,Manual,OP1083,Microwave,294,305,9,87.0,12,760,2284.58,126.01,27.8,51,73.8
P00828,2025-03-20,Factory B,Line C,Morning,M110,Semi-Automatic,OP1082,Television,412,366,12,32.0,9,676,1876.01,208.49,24.0,37,78.4
P00829,2025-07-25,Factory A,Line C,Morning,M126,Semi-Automatic,OP1054,Microwave,457,443,28,56.0,12,774,972.54,163.55,26.0,81,81.2
P00830,2025-12-31,Factory A,Line B,Night,M140,Semi-Automatic,OP1060,Air Conditioner,305,293,13,47.0,10,518,1042.79,224.85,28.9,63,72.0
P00831,2025-01-27,Factory A,Line B,Afternoon,M136,Automatic,OP1085,Microwave,499,462,33,55.0,9,753,157.2,112.74,29.3,46,70.9
P00832,2025-11-25,Factory B,Line B,Morning,M127,Semi-Automatic,OP1060,Television,468,464,8,97.0,12,623,1564.86,349.44,28.6,75,95.0
P00833,2025-02-13,Factory A,Line A,Morning,M122,Automatic,OP1041,Washing Machine,229,236,6,95.0,9,518,838.15,53.06,30.5,55,83.3
P00834,2025-06-23,Factory C,Line B,Afternoon,M120,Automatic,OP1072,Television,408,363,28,112.0,9,467,1096.45,251.23,30.4,45,82.5
P00835,2025-12-20,Factory A,Line A,Night,M110,Semi-Automatic,OP1013,Refrigerator,420,400,8,112.0,12,784,1010.49,97.44,18.4,79,99.5
P00836,2025-10-27,Factory C,Line B,Afternoon,M102,Semi-Automatic,OP1086,Air Conditioner,365,324,11,113.0,10,387,2227.58,54.28,20.7,54,87.1
P00837,2025-12-09,Factory A,Line C,Afternoon,M106,Semi-Automatic,OP1078,Microwave,256,257,0,79.0,12,473,976.52,132.4,28.3,68,96.2
P00838,2025-06-13,Factory A,Line A,Night,M116,Manual,OP1040,Washing Machine,192,145,7,55.0,10,341,754.81,447.92,31.1,77,63.2
P00839,2025-03-08,Factory C,Line A,Night,M137,Automatic,OP1039,Microwave,462,473,12,115.0,12,689,1032.15,320.5,23.4,59,73.4
P00840,2025-07-28,Factory C,Line C,Morning,M123,Manual,OP1034,Air Conditioner,442,403,12,62.0,10,573,299.93,216.2,31.4,77,96.5
P00841,2025-01-12,Factory A,Line A,Morning,M105,Automatic,OP1048,Refrigerator,440,441,9,73.0,9,1097,309.73,57.05,32.5,82,92.3
P00842,2025-03-21,Factory C,Line D,Night,M122,Manual,OP1014,Air Conditioner,496,502,7,7.0,9,504,2303.21,418.79,21.7,80,98.1
P00843,2025-12-18,Factory A,Line B,Morning,M106,Semi-Automatic,OP1042,Air Conditioner,181,141,3,60.0,9,1025,2471.03,282.32,21.7,53,89.3
P00844,2025-08-15,Factory A,Line A,Morning,M112,Automatic,OP1034,Television,483,491,34,73.0,9,1016,397.62,348.71,21.8,55,90.3
P00845,2025-07-22,Factory C,Line C,Night,M127,Manual,OP1082,Washing Machine,296,291,6,54.0,10,1144,927.42,127.33,18.1,78,70.1
P00846,2025-02-01,Factory A,Line D,Afternoon,M104,Manual,OP1097,Microwave,262,269,2,86.0,12,312,2445.2,311.66,24.4,84,96.7
P00847,2025-10-19,Factory B,Line C,Afternoon,M123,Manual,OP1062,Washing Machine,365,372,15,38.0,12,620,1410.2,341.61,22.6,45,61.7
P00848,2025-08-27,Factory B,Line C,Afternoon,M130,Semi-Automatic,OP1058,Television,360,323,4,94.0,12,729,2379.12,396.18,33.8,59,99.6
P00849,2025-07-07,Factory A,Line D,Night,M112,Automatic,OP1076,Television,256,220,6,12.0,8,700,1233.49,140.13,22.0,66,75.7
P00850,2025-05-23,Factory A,Line B,Afternoon,M139,Manual,OP1064,Microwave,335,280,13,109.0,9,799,2425.84,50.4,37.2,39,98.1
P00851,2025-03-14,Factory A,Line D,Morning,M127,Semi-Automatic,OP1002,Washing Machine,424,402,10,43.0,10,1000,1584.35,284.94,30.0,68,71.3
P00852,2025-07-09,Factory C,Line D,Morning,M102,Semi-Automatic,OP1048,Microwave,371,370,7,26.0,10,1004,660.25,395.55,24.3,65,91.5
P00853,2025-10-23,Factory B,Line B,Morning,M121,Manual,OP1074,Television,464,436,15,104.0,9,800,1451.92,403.49,24.3,41,75.4
P00854,2025-02-11,Factory C,Line D,Afternoon,M139,Manual,OP1035,Refrigerator,255,229,14,49.0,9,1110,1947.87,327.56,25.3,84,62.4
P00855,2025-11-21,Factory A,Line C,Afternoon,M140,Semi-Automatic,OP1072,Television,306,293,8,40.0,12,621,1551.45,252.93,34.5,76,67.5
P00856,2025-06-01,Factory C,Line A,Night,M113,Manual,OP1065,Washing Machine,485,485,15,101.0,12,733,1781.55,387.4,24.0,48,65.8
P00857,2025-11-30,Factory C,Line D,Morning,M124,Semi-Automatic,OP1100,Television,192,204,14,80.0,12,868,476.75,213.76,24.3,52,78.2
P00858,2025-05-26,Factory A,Line B,Afternoon,M102,Automatic,OP1007,Washing Machine,281,238,17,61.0,10,445,856.64,331.21,29.0,75,77.4
P00859,2025-04-02,Factory B,Line A,Night,M119,Semi-Automatic,OP1073,Air Conditioner,345,310,1,113.0,8,1040,1821.45,81.04,19.3,39,65.6
P00860,2025-03-25,Factory C,Line B,Morning,M124,Semi-Automatic,OP1044,Refrigerator,232,181,6,43.0,8,804,1061.34,51.41,26.3,85,75.8
P00861,2025-02-15,Factory A,Line D,Morning,M108,Semi-Automatic,OP1030,Television,259,204,1,82.0,8,353,1642.97,321.35,27.6,37,68.8
P00862,2025-03-12,Factory C,Line C,Afternoon,M125,Manual,OP1086,Microwave,299,295,0,65.0,10,804,156.43,328.77,26.3,39,61.6
P00863,2025-04-17,Factory A,Line D,Morning,M123,Manual,OP1011,Air Conditioner,481,492,23,65.0,9,706,610.67,252.9,36.3,82,84.9
P00864,2025-07-11,Factory C,Line D,Morning,M113,Manual,OP1033,Washing Machine,316,260,6,41.0,10,702,386.0,146.29,18.6,73,98.7
P00865,2025-04-15,Factory A,Line A,Morning,M125,Automatic,OP1096,Television,442,406,12,97.0,10,1152,1755.4,116.1,29.9,54,74.4
P00866,2025-10-18,Factory B,Line B,Night,M102,Semi-Automatic,OP1002,Television,207,193,5,110.0,10,511,1299.02,330.98,32.4,64,99.4
P00867,2025-09-09,Factory B,Line C,Night,M116,Automatic,OP1079,Refrigerator,488,482,0,109.0,8,934,220.07,29.77,23.5,35,72.1
P00868,2025-03-23,Factory A,Line A,Afternoon,M114,Manual,OP1025,Microwave,375,318,23,112.0,10,377,771.95,302.79,23.9,37,95.9
P00869,2025-05-15,Factory B,Line B,Morning,M102,Semi-Automatic,OP1023,Refrigerator,334,331,3,11.0,9,766,2187.5,271.41,29.1,52,60.9
P00870,2025-02-02,Factory C,Line B,Morning,M105,Semi-Automatic,OP1087,Microwave,468,422,1,4.0,12,742,2093.08,200.28,37.5,71,95.9
P00871,2025-12-30,Factory B,Line D,Morning,M118,Automatic,OP1086,Washing Machine,212,192,6,30.0,12,1129,104.68,301.33,35.5,62,82.4
P00872,2025-01-25,Factory B,Line C,Morning,M139,Semi-Automatic,OP1059,Microwave,430,416,10,47.0,10,1043,1422.46,86.92,32.7,57,76.3
P00873,2025-07-10,Factory B,Line C,Afternoon,M110,Manual,OP1097,Microwave,477,441,34,52.0,10,742,307.47,132.61,20.8,57,85.8
P00874,2025-12-15,Factory A,Line A,Afternoon,M133,Manual,OP1019,Air Conditioner,410,356,10,69.0,9,1171,2016.97,84.3,34.3,48,93.0
P00875,2025-08-03,Factory A,Line A,Night,M107,Manual,OP1001,Washing Machine,382,387,29,70.0,9,1057,644.28,326.65,24.7,42,73.0
P00876,2025-07-22,Factory C,Line D,Morning,M137,Semi-Automatic,OP1096,Microwave,371,316,22,96.0,8,531,1637.13,217.8,34.7,83,67.5
P00877,2025-02-25,Factory B,Line B,Morning,M120,Automatic,OP1097,Microwave,180,131,4,105.0,9,854,1631.8,429.41,21.8,36,61.2
P00878,2025-04-06,Factory C,Line A,Morning,M117,Semi-Automatic,OP1016,Microwave,241,230,11,84.0,12,310,1774.76,152.59,25.8,48,72.2
P00879,2025-09-02,Factory C,Line A,Night,M132,Automatic,OP1064,Washing Machine,497,437,22,3.0,10,1017,1236.63,364.08,33.1,84,63.9
P00880,2025-12-17,Factory B,Line A,Afternoon,M103,Semi-Automatic,OP1098,Refrigerator,480,451,30,32.0,8,384,688.93,378.02,30.6,41,78.2
P00881,2025-11-06,Factory B,Line A,Afternoon,M120,Manual,OP1100,Microwave,352,337,6,78.0,12,397,124.71,79.56,35.3,84,61.1
P00882,2025-02-05,Factory C,Line B,Afternoon,M118,Manual,OP1073,Microwave,439,398,3,32.0,8,1014,1340.17,98.92,27.0,45,61.6
P00883,2025-08-07,Factory A,Line B,Morning,M113,Semi-Automatic,OP1063,Television,487,460,0,49.0,9,1091,1004.13,153.47,22.5,78,83.3
P00884,2025-08-16,Factory C,Line A,Morning,M111,Automatic,OP1017,Air Conditioner,432,418,1,56.0,12,675,2006.41,207.74,32.2,79,74.7
P00885,2025-08-03,Factory B,Line A,Afternoon,M128,Manual,OP1090,Microwave,458,460,4,8.0,8,569,2206.67,307.5,27.5,67,96.8
P00886,2025-01-13,Factory A,Line A,Night,M112,Manual,OP1026,Microwave,250,250,17,47.0,10,789,260.37,360.75,21.7,61,64.6
P00887,2025-04-14,Factory A,Line C,Morning,M126,Automatic,OP1048,Refrigerator,200,186,8,,8,415,1358.95,138.0,28.6,54,
P00888,2025-05-05,Factory B,Line B,Morning,M131,Semi-Automatic,OP1062,Television,250,225,3,22.0,12,866,1620.15,255.1,34.1,44,86.7
P00889,2025-02-04,Factory B,Line A,Night,M111,Automatic,OP1081,Microwave,441,438,23,120.0,9,1147,729.92,50.36,26.6,55,91.2
P00890,2025-12-10,Factory C,Line C,Afternoon,M129,Manual,OP1029,Television,194,185,7,78.0,12,961,2192.49,295.02,22.8,68,71.5
P00891,2025-11-04,Factory A,Line D,Morning,M136,Automatic,OP1091,Television,218,178,12,82.0,8,678,765.73,144.35,31.0,56,72.1
P00892,2025-06-07,Factory B,Line D,Afternoon,M138,Manual,OP1072,Air Conditioner,454,428,8,60.0,10,393,1759.42,439.47,28.7,74,85.3
P00893,2025-05-19,Factory B,Line B,Afternoon,M121,Automatic,OP1073,Television,308,289,11,39.0,9,1145,904.0,312.34,23.6,73,77.0
P00894,2025-12-19,Factory B,Line B,Night,M124,Manual,OP1070,Air Conditioner,276,274,10,26.0,12,895,1348.27,74.81,32.5,53,85.5
P00895,2025-04-04,Factory C,Line D,Afternoon,M116,Semi-Automatic,OP1062,Washing Machine,285,257,18,58.0,10,449,711.34,55.62,20.5,59,92.5
P00896,2025-02-04,Factory A,Line C,Afternoon,M130,Manual,OP1075,Washing Machine,381,396,26,25.0,10,352,2455.79,291.95,27.8,41,79.1
P00897,2025-03-03,Factory A,Line B,Morning,M124,Automatic,OP1006,Refrigerator,378,353,8,13.0,10,430,1981.29,418.44,31.7,48,61.6
P00898,2025-01-06,Factory A,Line C,Night,M118,Semi-Automatic,OP1056,Television,470,478,14,28.0,10,865,948.52,125.45,18.5,72,72.7
P00899,2025-07-16,Factory A,Line A,Morning,M106,Manual,OP1095,Air Conditioner,292,286,8,103.0,12,427,329.64,384.29,22.4,64,84.4
P00900,2025-05-24,Factory A,Line A,Morning,M120,Semi-Automatic,OP1075,Air Conditioner,268,255,12,57.0,9,537,340.88,59.85,32.2,63,66.0
P00901,2025-01-12,Factory C,Line C,Morning,M132,Semi-Automatic,OP1068,Washing Machine,376,343,10,2.0,12,819,1577.53,381.24,30.1,58,65.8
P00902,2025-03-28,Factory B,Line B,Morning,M121,Semi-Automatic,OP1052,Washing Machine,219,186,3,91.0,10,536,1010.67,398.04,37.2,78,97.4
P00903,2025-08-20,Factory C,Line A,Afternoon,M137,Semi-Automatic,OP1047,Microwave,304,311,0,62.0,12,1041,1168.79,205.26,26.7,57,69.1
P00904,2025-09-03,Factory A,Line B,Morning,M138,Manual,OP1067,Air Conditioner,367,349,16,103.0,9,1166,187.1,187.11,19.0,49,63.6
P00905,2025-11-12,Factory C,Line A,Afternoon,M106,Manual,OP1033,Microwave,261,265,4,37.0,9,1179,1146.15,395.18,21.7,61,72.5
P00906,2025-04-29,Factory A,Line A,Night,M112,Semi-Automatic,OP1071,Microwave,446,453,27,114.0,9,541,141.24,433.57,30.1,39,62.7
P00907,2025-04-02,Factory C,Line A,Afternoon,M136,Semi-Automatic,OP1093,Television,231,212,4,68.0,9,551,1988.58,163.33,21.4,52,80.5
P00908,2025-09-16,Factory A,Line D,Morning,M111,Automatic,OP1061,Television,190,141,2,30.0,10,887,1979.58,221.52,27.1,80,64.4
P00909,2025-11-24,Factory C,Line A,Morning,M125,Automatic,OP1001,Washing Machine,307,302,14,67.0,12,993,1910.22,258.88,32.5,68,78.7
P00910,2025-11-07,Factory C,Line D,Afternoon,M134,Semi-Automatic,OP1022,Air Conditioner,446,416,31,16.0,8,511,276.2,447.75,34.8,42,84.2
P00911,2025-07-12,Factory B,Line C,Morning,M121,Semi-Automatic,OP1026,Refrigerator,391,358,6,55.0,9,760,2176.47,360.97,33.0,76,91.8
P00912,2025-03-14,Factory A,Line B,Afternoon,M117,Semi-Automatic,OP1052,Microwave,382,366,22,59.0,10,509,1211.92,201.72,19.0,44,95.9
P00913,2025-07-11,Factory A,Line C,Afternoon,M125,Manual,OP1056,Refrigerator,231,209,9,45.0,12,341,2341.55,394.17,27.6,57,73.3
P00914,2025-03-26,Factory A,Line A,Morning,M136,Semi-Automatic,OP1008,Refrigerator,338,289,16,27.0,10,324,1176.06,166.97,30.3,57,84.9
P00915,2025-01-27,Factory C,Line A,Afternoon,M132,Semi-Automatic,OP1098,Air Conditioner,325,293,1,85.0,8,457,2339.07,185.62,31.2,63,89.3
P00916,2025-03-14,Factory A,Line A,Night,M125,Semi-Automatic,OP1051,Television,316,313,1,5.0,10,312,2388.54,107.66,29.4,61,92.0
P00917,2025-10-08,Factory C,Line C,Morning,M101,Automatic,OP1021,Refrigerator,257,218,8,93.0,12,1105,258.61,224.03,37.6,78,79.7
P00918,2025-06-25,Factory C,Line C,Afternoon,M117,Manual,OP1072,Air Conditioner,220,177,14,115.0,10,946,1695.86,248.85,31.4,80,83.6
P00919,2025-04-26,Factory A,Line D,Afternoon,M118,Semi-Automatic,OP1066,Washing Machine,322,306,15,92.0,12,352,2385.04,152.65,35.3,41,93.0
P00920,2025-04-23,Factory A,Line D,Morning,M107,Manual,OP1070,Air Conditioner,464,451,23,52.0,12,729,1459.77,152.11,22.8,74,79.2
P00921,2025-01-30,Factory B,Line D,Afternoon,M110,Semi-Automatic,OP1061,Refrigerator,213,188,10,120.0,10,421,839.22,231.77,38.0,60,83.5
P00922,2025-05-01,Factory B,Line B,Night,M111,Semi-Automatic,OP1021,Air Conditioner,387,347,10,75.0,12,1173,298.91,59.89,33.9,35,66.0
P00923,2025-02-17,Factory C,Line B,Morning,M101,Semi-Automatic,OP1023,Refrigerator,399,351,4,37.0,10,995,1745.59,376.37,25.1,71,63.5
P00924,2025-06-19,Factory A,Line A,Night,M106,Automatic,OP1079,Refrigerator,264,240,6,101.0,9,700,2078.06,233.4,23.3,53,84.6
P00925,2025-11-10,Factory B,Line B,Morning,M130,Manual,OP1034,Television,449,455,32,12.0,12,921,637.1,145.57,25.9,56,86.6
P00926,2025-07-03,Factory C,Line C,Afternoon,M126,Semi-Automatic,OP1031,Washing Machine,422,380,21,41.0,9,546,1207.09,323.87,18.7,38,83.5
P00927,2025-02-25,Factory B,Line B,Morning,M105,Semi-Automatic,OP1099,Washing Machine,240,237,10,74.0,9,1035,1255.83,199.2,36.6,77,97.7
P00928,2025-06-04,Factory C,Line B,Afternoon,M103,Semi-Automatic,OP1021,Microwave,462,402,12,44.0,8,350,175.31,387.55,23.0,46,92.5
P00929,2025-12-30,Factory B,Line D,Morning,M121,Manual,OP1091,Microwave,417,382,21,40.0,9,307,2186.02,94.78,23.0,40,79.5
P00930,2025-01-22,Factory A,Line B,Night,M139,Semi-Automatic,OP1036,Television,351,348,23,23.0,12,339,1950.06,293.4,32.2,74,74.9
P00931,2025-09-05,Factory C,Line B,Morning,M110,Semi-Automatic,OP1088,Air Conditioner,181,183,4,,12,841,2484.71,285.3,30.2,62,
P00932,2025-10-30,Factory C,Line C,Night,M130,Automatic,OP1037,Washing Machine,200,157,0,52.0,8,785,2090.93,202.33,27.3,73,82.9
P00933,2025-04-25,Factory B,Line C,Afternoon,M103,Automatic,OP1086,Air Conditioner,341,281,8,50.0,10,304,1373.78,42.23,37.0,63,69.6
P00934,2025-01-25,Factory A,Line C,Night,M135,Semi-Automatic,OP1003,Air Conditioner,181,141,11,101.0,10,1087,1540.59,46.76,37.8,48,81.4
P00935,2025-03-01,Factory A,Line D,Night,M122,Automatic,OP1070,Television,462,441,0,87.0,12,381,889.06,129.38,27.6,41,65.2
P00936,2025-12-03,Factory B,Line C,Afternoon,M111,Semi-Automatic,OP1027,Television,312,306,11,12.0,10,616,2494.92,318.91,30.8,39,99.3
P00937,2025-05-03,Factory A,Line C,Morning,M108,Semi-Automatic,OP1044,Refrigerator,242,257,16,98.0,12,823,393.03,308.9,23.6,40,74.3
P00938,2025-04-01,Factory B,Line B,Night,M117,Manual,OP1003,Air Conditioner,227,197,2,8.0,9,449,921.04,246.89,31.8,47,79.1
P00939,2025-06-24,Factory B,Line D,Morning,M133,Semi-Automatic,OP1028,Television,359,371,6,79.0,12,1092,1507.25,321.38,37.5,82,69.1
P00940,2025-08-23,Factory B,Line C,Night,M124,Automatic,OP1006,Refrigerator,433,377,14,24.0,8,884,953.01,444.76,36.7,76,73.5
P00941,2025-08-26,Factory A,Line B,Morning,M139,Manual,OP1072,Refrigerator,183,158,9,17.0,12,806,1428.6,259.43,33.2,42,85.0
P00942,2025-05-06,Factory B,Line D,Afternoon,M103,Automatic,OP1008,Washing Machine,196,171,10,17.0,10,1135,1010.99,90.04,24.8,61,99.3
P00943,2025-02-08,Factory B,Line C,Night,M120,Semi-Automatic,OP1003,Refrigerator,451,420,18,41.0,9,1028,323.38,83.41,28.5,73,94.1
P00944,2025-02-18,Factory B,Line C,Afternoon,M108,Automatic,OP1074,Television,365,366,18,102.0,8,537,217.79,157.38,33.2,83,81.7
P00945,2025-10-23,Factory C,Line C,Night,M120,Automatic,OP1052,Refrigerator,220,165,4,117.0,12,395,1678.95,139.35,19.0,39,63.8
P00946,2025-02-24,Factory B,Line A,Afternoon,M124,Semi-Automatic,OP1070,Refrigerator,481,496,16,20.0,9,383,901.75,103.68,36.4,79,94.7
P00947,2025-04-22,Factory C,Line B,Morning,M133,Automatic,OP1053,Refrigerator,188,143,10,66.0,10,890,2007.19,354.91,21.8,70,69.5
P00948,2025-11-10,Factory C,Line D,Morning,M134,Semi-Automatic,OP1045,Television,400,388,25,75.0,12,892,790.39,130.84,35.1,42,88.3
P00949,2025-01-01,Factory A,Line D,Night,M113,Manual,OP1033,Television,310,262,18,23.0,8,987,697.07,327.2,22.6,50,89.8
P00950,2025-03-10,Factory A,Line C,Morning,M137,Automatic,OP1084,Television,216,181,11,14.0,8,723,356.69,112.69,20.9,81,85.9
P00951,2025-06-16,Factory B,Line D,Night,M134,Manual,OP1036,Microwave,243,211,6,109.0,9,511,1034.11,104.9,31.3,77,69.7
P00952,2025-08-12,Factory A,Line C,Morning,M128,Semi-Automatic,OP1021,Refrigerator,430,410,3,95.0,12,836,793.77,200.7,35.6,44,71.3
P00953,2025-01-08,Factory B,Line A,Night,M130,Semi-Automatic,OP1039,Television,270,231,14,25.0,10,1159,1244.4,191.0,21.2,49,77.5
P00954,2025-05-01,Factory C,Line D,Afternoon,M115,Manual,OP1066,Television,248,261,3,34.0,10,834,711.55,67.0,35.2,68,92.0
P00955,2025-02-02,Factory C,Line A,Morning,M119,Semi-Automatic,OP1032,Air Conditioner,386,399,11,80.0,12,841,108.09,432.41,24.5,79,90.8
P00956,2025-06-24,Factory A,Line D,Morning,M112,Automatic,OP1094,Washing Machine,394,337,23,97.0,12,557,1770.46,140.58,22.0,60,86.8
P00957,2025-10-16,Factory B,Line A,Afternoon,M131,Manual,OP1026,Television,488,431,20,5.0,10,665,1231.32,127.5,24.7,49,77.2
P00958,2025-12-20,Factory A,Line A,Night,M109,Automatic,OP1053,Refrigerator,467,480,13,59.0,12,847,2490.29,55.86,31.6,70,77.7
P00959,2025-04-20,Factory A,Line C,Morning,M103,Semi-Automatic,OP1002,Air Conditioner,249,236,13,15.0,10,958,1512.7,216.18,22.2,56,96.9
P00960,2025-02-17,Factory B,Line B,Morning,M131,Manual,OP1036,Air Conditioner,493,493,10,84.0,8,1162,1274.92,446.71,33.9,56,64.0
P00961,2025-04-28,Factory C,Line C,Morning,M128,Manual,OP1045,Washing Machine,437,378,24,57.0,9,327,1873.36,441.8,29.4,77,71.0
P00962,2025-04-30,Factory C,Line A,Night,M112,Automatic,OP1027,Television,268,263,4,37.0,12,362,1687.99,120.89,20.7,42,89.0
P00963,2025-11-18,Factory B,Line D,Morning,M105,Automatic,OP1061,Microwave,284,253,0,21.0,10,335,1379.27,315.89,35.9,41,63.4
P00964,2025-02-07,Factory A,Line D,Morning,M128,Automatic,OP1090,Television,260,248,8,91.0,10,763,477.75,448.82,28.7,71,68.6
P00965,2025-03-30,Factory C,Line D,Afternoon,M121,Semi-Automatic,OP1078,Television,409,370,29,93.0,8,500,1073.96,184.6,28.7,40,95.0
P00966,2025-01-28,Factory A,Line A,Night,M131,Semi-Automatic,OP1084,Air Conditioner,239,238,4,6.0,9,851,2201.92,364.55,22.8,38,80.3
P00967,2025-02-07,Factory A,Line A,Afternoon,M134,Manual,OP1012,Washing Machine,490,436,16,42.0,9,1147,527.94,206.78,35.0,48,65.6
P00968,2025-09-23,Factory A,Line D,Morning,M128,Manual,OP1082,Air Conditioner,292,296,2,94.0,10,771,495.12,142.43,34.9,36,61.3
P00969,2025-12-07,Factory C,Line A,Night,M102,Automatic,OP1042,Television,185,197,2,10.0,9,792,2387.41,66.76,33.7,69,85.9
P00970,2025-03-18,Factory B,Line C,Afternoon,M108,Manual,OP1083,Washing Machine,209,221,9,33.0,9,387,1409.86,87.88,31.4,69,79.1
P00971,2025-02-09,Factory A,Line B,Afternoon,M133,Manual,OP1006,Washing Machine,431,380,12,60.0,8,819,1143.26,36.16,30.0,35,86.5
P00972,2025-06-26,Factory C,Line C,Morning,M124,Manual,OP1067,Washing Machine,305,272,16,19.0,12,686,1451.2,125.22,21.0,52,80.5
P00973,2025-12-05,Factory A,Line C,Afternoon,M111,Manual,OP1049,Refrigerator,344,312,17,91.0,8,940,1227.45,197.86,22.8,73,94.2
P00974,2025-11-13,Factory B,Line A,Night,M134,Automatic,OP1017,Refrigerator,465,422,3,34.0,8,425,2176.6,132.45,28.6,70,96.6
P00975,2025-11-17,Factory C,Line C,Night,M112,Manual,OP1061,Microwave,182,164,3,66.0,9,687,1823.64,104.77,31.0,60,70.7
P00976,2025-03-14,Factory C,Line D,Night,M119,Manual,OP1022,Air Conditioner,259,266,18,82.0,10,717,814.21,33.8,35.6,83,88.7
P00977,2025-08-09,Factory A,Line A,Afternoon,M117,Automatic,OP1060,Refrigerator,368,316,12,37.0,12,460,951.22,343.87,33.2,37,67.5
P00978,2025-06-24,Factory C,Line B,Afternoon,M113,Manual,OP1003,Refrigerator,297,265,15,48.0,10,721,2001.03,391.81,28.3,68,80.2
P00979,2025-02-25,Factory B,Line B,Night,M133,Manual,OP1023,Washing Machine,191,178,5,92.0,9,776,1564.23,321.31,31.5,56,61.5
P00980,2025-05-03,Factory A,Line B,Morning,M123,Automatic,OP1068,Washing Machine,209,187,9,40.0,8,704,1848.28,367.85,34.1,40,63.8
P00981,2025-09-27,Factory B,Line A,Night,M104,Manual,OP1026,Television,487,444,5,80.0,9,804,620.28,197.12,24.5,49,61.6
P00982,2025-02-09,Factory A,Line D,Afternoon,M125,Automatic,OP1060,Air Conditioner,388,399,26,99.0,8,310,2287.63,113.7,18.5,36,83.4
P00983,2025-02-27,Factory C,Line B,Night,M134,Automatic,OP1032,Microwave,351,313,10,60.0,12,570,1850.23,374.79,29.9,81,96.3
P00984,2025-07-20,Factory B,Line C,Morning,M104,Automatic,OP1040,Air Conditioner,181,169,1,103.0,8,1191,1362.31,353.04,23.7,69,71.7
P00985,2025-09-29,Factory B,Line C,Morning,M138,Automatic,OP1097,Microwave,298,263,6,21.0,9,520,1555.76,239.99,19.5,63,71.0
P00986,2025-02-09,Factory A,Line C,Morning,M119,Automatic,OP1067,Air Conditioner,352,314,13,120.0,8,1149,980.41,34.03,33.8,50,79.7
P00987,2025-08-11,Factory C,Line A,Night,M107,Automatic,OP1096,Television,382,343,13,99.0,8,343,2365.24,396.8,19.1,48,74.5
P00988,2025-01-14,Factory B,Line B,Night,M130,Automatic,OP1042,Television,383,387,3,22.0,9,560,2253.98,176.21,34.3,67,82.0
P00989,2025-02-25,Factory B,Line D,Afternoon,M136,Manual,OP1019,Air Conditioner,403,345,6,67.0,10,597,1899.19,42.15,22.8,70,60.2
P00990,2025-04-10,Factory B,Line C,Morning,M131,Manual,OP1071,Air Conditioner,450,408,8,52.0,8,517,660.99,184.08,32.5,38,64.1
P00991,2025-12-20,Factory C,Line A,Night,M104,Manual,OP1048,Air Conditioner,369,327,18,90.0,8,1122,794.44,268.99,36.7,80,99.8
P00992,2025-03-26,Factory B,Line D,Night,M137,Semi-Automatic,OP1100,Washing Machine,310,251,17,82.0,12,391,2233.96,150.61,28.7,58,83.2
P00993,2025-03-17,Factory B,Line A,Afternoon,M102,Manual,OP1040,Air Conditioner,471,455,12,22.0,9,410,543.89,356.64,34.4,53,91.2
P00994,2025-10-16,Factory C,Line A,Afternoon,M140,Manual,OP1003,Air Conditioner,400,364,15,19.0,12,955,382.52,349.61,37.4,36,85.7
P00995,2025-06-08,Factory C,Line B,Night,M139,Automatic,OP1042,Air Conditioner,269,257,11,83.0,9,832,432.46,406.25,33.1,53,93.1
P00996,2025-12-06,Factory A,Line B,Night,M137,Manual,OP1056,Washing Machine,356,319,0,70.0,9,715,1517.23,177.46,31.5,62,86.4
P00997,2025-07-15,Factory C,Line D,Afternoon,M127,Manual,OP1010,Television,227,172,0,71.0,12,1128,1122.29,310.6,31.7,44,90.7
P00998,2025-10-20,Factory B,Line A,Afternoon,M113,Semi-Automatic,OP1052,Air Conditioner,450,425,9,30.0,10,1170,1321.68,291.07,18.8,36,93.3
P00999,2025-04-25,Factory A,Line A,Night,M133,Semi-Automatic,OP1077,Microwave,264,218,12,8.0,8,419,2100.9,349.38,28.1,39,63.2
P01000,2025-01-14,Factory A,Line A,Afternoon,M134,Automatic,OP1079,Washing Machine,278,251,2,37.0,8,1178,1870.55,48.09,26.2,46,94.5
